Time, 01/02/2024 15:05:52, X, -297369.7369101366 , Y, -3483106.470537965 , Z,    5326272.763806465 , Lat, 13.55635667         , Lon, 80.02544433           , Alt, 0                  , Bx, [0.07111624] , [0.83298807] , [0.54870152] , By, [0.99637537] , [-0.08506541], [0.]         , Bz, [0.04667552] , [0.54671268] , [-0.83601833]
Time, 01/02/2024 15:05:53, X, -297482.0032500565 , Y, -3482843.8601207836, Z,    5326030.479598612 , Lat,  0.9899982715695806 , Lon, -1.6560030548404887   , Alt, -340.8845040118322 , Bx, [0.48036818] , [0.6074823]  , [0.63262285] , By, [0.469571]   , [-0.75226869], [0.46216328] , Bz, [-0.31845032], [0.67674691] , [-0.66377934]
Time, 01/02/2024 15:05:54, X, -298473.6767371569 , Y, -3483448.456815092 , Z,    5324845.84540225  , Lat,  0.9898060776646531 , Lon, -1.65627095117061     , Alt, -954.2415858544409 , Bx, [0.17583951] , [0.5288894]  , [-0.83027494], By, [-0.92687614], [0.37461852] , [-0.02369779], Bz, [-0.55309222], [-0.63639111], [-0.53767588]
Time, 01/02/2024 15:05:55, X, -296584.57063351135, Y, -3482172.3691969016, Z,    5322636.607729647 , Lat,  0.9898036754304314 , Lon, -1.6557635460563276   , Alt, -3587.0815314641222, Bx, [0.21660198] , [-0.05434646], [-0.97474614], By, [-0.4420289] , [0.8330561]  , [-0.33260784], Bz, [0.84757679] , [0.48686811] , [-0.21112324]
Time, 01/02/2024 15:05:56, X, -297928.35772023525, Y, -3478084.159420158 , Z,    5315534.125342458 , Lat,  0.9897110844774728 , Lon, -1.656246494172258    , Alt, -11697.069330357015, Bx, [-0.64297466], [-0.41733358], [0.64219644] , By, [0.07715622] , [0.85467272] , [0.51340185] , Bz, [-0.38545035], [0.53113457] , [-0.75453568]
Time, 01/02/2024 15:05:57, X, -294554.87999376137, Y, -3482788.449576851 , Z,    5312287.541666183 , Lat,  0.9888523021281557 , Lon, -1.6551699779959606   , Alt, -11992.460519031622, Bx, [-0.36909003], [-0.92741569], [-0.06060272], By, [-0.95027032], [0.10097794] , [0.29460103] , Bz, [0.414428]   , [-0.8244807] , [0.38533233]
Time, 01/02/2024 15:05:58, X, -287145.8797964222 , Y, -3495169.163964508 , Z,    5314410.811683463 , Lat,  0.9874975841505582 , Lon, -1.6527673112689243   , Alt, -3769.635363386944 , Bx, [0.40819375] , [0.71912751] , [-0.56234641], By, [-0.72090388], [-0.50729189], [0.4721785]  , Bz, [0.31049454] , [-0.76137875], [0.56911822]
Time, 01/02/2024 15:05:59, X, -280624.08611409203, Y, -3502368.2318948377, Z,    5295233.561852727 , Lat,  0.9849623362113382 , Lon, -1.65074961746663     , Alt, -16093.896518606693, Bx, [-0.28922041], [-0.1002557] , [0.95199808] , By, [0.30156485] , [-0.66332362], [0.68487986] , Bz, [0.00387807] , [0.15769733] , [-0.98747988]
Time, 01/02/2024 15:06:00, X, -292036.1540954089 , Y, -3515273.9860479045, Z,    5270035.412607845 , Lat,  0.9809533256346161 , Lon, -1.6536823484659644   , Alt, -29414.27067135647 , Bx, [0.77271637] , [0.60338073] , [-0.1970815] , By, [-0.51258843], [0.74337379] , [-0.42970747], Bz, [-0.88500426], [-0.1869047] , [-0.42642009]
Time, 01/02/2024 15:06:01, X, -329087.29601614224, Y, -3530652.0662514414, Z,    5234787.727192784 , Lat,  0.9754114268518657 , Lon, -1.663736442822322    , Alt, -48278.670533313416, Bx, [0.76871841] , [0.26922943] , [0.58016163] , By, [-0.42926238], [-0.22736575], [-0.87409303], Bz, [-0.946137]  , [-0.0570084] , [-0.31870805]
Time, 01/02/2024 15:06:02, X, -338794.12318651786, Y, -3537874.59285143  , Z,    5167771.435516871 , Lat,  0.9683491474706039 , Lon, -1.666267252339745    , Alt, -99062.52403665241 , Bx, [0.35682942] , [0.73466406] , [0.57701082] , By, [0.14488691] , [-0.98941469], [0.00814574] , Bz, [0.52045573] , [0.28515632] , [-0.80486751]
Time, 01/02/2024 15:06:03, X, -314931.7570814388 , Y, -3577661.139262874 , Z,    5100296.299312476 , Lat,  0.95727455757245   , Lon, -1.6585972833866274   , Alt, -133062.55403353088, Bx, [-0.0208587] , [-0.95368156], [-0.30009398], By, [0.19623731] , [0.83359385] , [0.51634505] , Bz, [0.88548033] , [-0.46121429], [-0.05662121]
Time, 01/02/2024 15:06:04, X, -355454.4293993903 , Y, -3629289.423425485 , Z,    5019638.9778949125, Lat,  0.9425203852678659 , Lon, -1.6684254596755048   , Alt, -166576.97777064703, Bx, [0.39559467] , [-0.60514396], [0.6908731]  , By, [-0.50626122], [0.52590012] , [-0.6834681] , Bz, [-0.93300489], [-0.30472506], [-0.19142756]
Time, 01/02/2024 15:06:05, X, -439378.3681506038 , Y, -3654770.1021919968, Z,    4938563.925212902 , Lat,  0.9302612199975022 , Lon, -1.6904426383430309   , Alt, -211469.86421127617, Bx, [-0.21524198], [0.408569]   , [-0.88698493], By, [0.06812036] , [0.52290662] , [0.84966363] , Bz, [-0.91564065], [0.3814583]  , [0.12685328]
Time, 01/02/2024 15:06:06, X, -558846.3354439666 , Y, -3722351.6287015765, Z,    4881372.675639374 , Lat,  0.9139220255391549 , Lon, -1.719815955953936    , Alt, -206909.63135556132, Bx, [0.54979777] , [-0.622737]  , [-0.55670552], By, [-0.29693156], [0.84050564] , [-0.45319081], Bz, [-0.72360627], [-0.47281561], [0.50283135]
Time, 01/02/2024 15:06:07, X, -681433.43376043   , Y, -3795420.9755456527, Z,    4888271.264602905 , Lat,  0.9028917941664463 , Lon, -1.748444572173864    , Alt, -144864.13073076867, Bx, [0.59740989] , [-0.51042563], [-0.61852009], By, [-0.6448058] , [0.56148252] , [-0.5186163] , Bz, [-0.15822151], [-0.13874164], [0.97760765]
Time, 01/02/2024 15:06:08, X, -829408.4973117473 , Y, -3832959.386071094 , Z,    4955530.1722486075, Lat,  0.9013382685758701 , Lon, -1.7838993010106385   , Alt, -51444.9999426594  , Bx, [-0.48710449], [-0.86439992], [0.12466754] , By, [-0.74204523], [-0.06455641], [0.66723411] , Bz, [-0.18279783], [0.40758977] , [0.89468181]
Time, 01/02/2024 15:06:09, X, -932625.8750515453 , Y, -3985744.356579317 , Z,    5001729.169971324 , Lat,  0.884937577589254  , Lon, -1.8006512997374866   , Alt, 92222.39974469412  , Bx, [0.34253949] , [-0.89535741], [0.28460815] , By, [0.94604998] , [0.08857632] , [0.3116788]  , Bz, [0.48124024] , [-0.87375798], [0.0703905]
Time, 01/02/2024 15:06:10, X, -1079670.4890548396, Y, -4104900.832296744 , Z,    5161216.337519221 , Lat,  0.8825534270684849 , Lon, -1.8279909533879204   , Alt, 311368.8382639978  , Bx, [-0.01523801], [-0.96229283], [0.27158849] , By, [-0.47845998], [0.64603679] , [0.59473735] , Bz, [-0.18251828], [0.09414573] , [0.97868466]
Time, 01/02/2024 15:06:11, X, -1143852.7038568135, Y, -4127154.5652627056, Z,    5293696.063812646 , Lat,  0.8905764245289791 , Lon, -1.8411629335930817   , Alt, 438186.576215609   , Bx, [0.30173646] , [0.90689563] , [-0.29410104], By, [0.46622814] , [-0.87225449], [-0.14765986], Bz, [0.68201066] , [0.73134222] , [0.00011135]
Time, 01/02/2024 15:06:12, X, -1155486.200591728 , Y, -4067020.3529368257, Z,    5395536.257818155 , Lat,  0.9061315116199182 , Lon, -1.8476132990563325   , Alt, 483751.229650178   , Bx, [-0.23512866], [0.7106152]  , [0.66312936] , By, [-0.05673842], [-0.9751043] , [-0.21436501], Bz, [0.5642937]  , [0.78934647] , [-0.2418776]
Time, 01/02/2024 15:06:13, X, -1163015.227702492 , Y, -3893969.818768369 , Z,    5460999.174409622 , Lat,  0.9310335854274079 , Lon, -1.8610332606573934   , Alt, 436210.6881048875  , Bx, [-0.248599]  , [0.95106741] , [-0.183492]  , By, [0.66494077] , [-0.74517325], [-0.05070101], Bz, [0.22547546] , [0.91574437] , [-0.33252527]
Time, 01/02/2024 15:06:14, X, -1177180.7839984773, Y, -3804673.474503566 , Z,    5367259.938661296 , Lat,  0.9324208218654303 , Lon, -1.870858061415098    , Alt, 312470.2135166852  , Bx, [-0.51375476], [0.78348699] , [-0.34957715], By, [-0.83107497], [-0.25091639], [-0.49634198], Bz, [-0.04870921], [-0.20164075], [-0.97824763]
Time, 01/02/2024 15:06:15, X, -1272713.8219637766, Y, -3817684.347500775 , Z,    5483360.981843171 , Lat,  0.9376788329639694 , Lon, -1.8925828018865527   , Alt, 430599.9519943958  , Bx, [-0.43207447], [0.11086341] , [0.89499774] , By, [0.80317636] , [0.47179226] , [-0.3637579] , Bz, [-0.35281733], [-0.59394736], [0.72301208]
Time, 01/02/2024 15:06:16, X, -1533862.9489362398, Y, -3687388.3094662977, Z,    5592962.622474737 , Lat,  0.9506986673149697 , Lon, -1.9649983218826668   , Alt, 501466.7323536454  , Bx, [-0.751673]  , [0.3594627]  , [-0.55296859], By, [0.41248755] , [-0.03147652], [0.91041927] , Bz, [-0.86986881], [0.46878742] , [0.15351419]
Time, 01/02/2024 15:06:17, X, -1523989.420622923 , Y, -3713647.3764946684, Z,    5721122.407804033 , Lat,  0.9589680116334847 , Lon, -1.9602148674414819   , Alt, 617917.0975333322  , Bx, [0.43014123] , [0.38558273] , [0.81627476] , By, [0.22808202] , [0.42150662] , [-0.87767349], Bz, [0.88788346] , [-0.45969853], [0.01844525]
Time, 01/02/2024 15:06:18, X, -1836858.075048644 , Y, -3684194.125426808 , Z,    5997162.121177152 , Lat,  0.9692266304017094 , Lon, -2.0333056750220813   , Alt, 903152.0089549161  , Bx, [-0.97567931], [0.1806055]  , [0.12422376] , By, [0.22138228] , [-0.59936133], [-0.76925671], Bz, [-0.85496148], [0.02694752] , [0.51799103]
Time, 01/02/2024 15:06:19, X, -1864637.5744721037, Y, -3867016.70831765  , Z,    6261336.668340141 , Lat,  0.9697649263682284 , Lon, -2.0200948549815925   , Alt, 1220773.730877514  , Bx, [-0.63383363], [-0.27127925], [-0.7243359] , By, [-0.21649937], [0.1453144]  , [-0.96540756], Bz, [0.69614581] , [-0.71767795], [0.01787091]
Time, 01/02/2024 15:06:20, X, -2137720.933378593 , Y, -3782085.896905305 , Z,    6353845.636424092 , Lat,  0.9710617283189604 , Lon, -2.0852516894673556   , Alt, 1326101.9801013758 , Bx, [-0.29003398], [0.71036784] , [-0.64129387], By, [0.78861253] , [-0.18156363], [-0.58747334], Bz, [-0.52350007], [0.63526149] , [-0.56779443]
Time, 01/02/2024 15:06:21, X, -2261830.706547116 , Y, -3507741.3690889347, Z,    6337441.045936846 , Lat,  0.988409718154815  , Lon, -2.1435151887403325   , Alt, 1217365.2171085207 , Bx, [0.98713657] , [0.14299412] , [0.07151281] , By, [0.25731075] , [0.37743421] , [-0.88956989], Bz, [0.29680845] , [0.80379981] , [-0.51556824]
Time, 01/02/2024 15:06:22, X, -2482166.7742711557, Y, -3531020.070080403 , Z,    6115603.5758072585, Lat,  0.9562135529635473 , Lon, -2.183506278745173    , Alt, 1114309.7281964766 , Bx, [-0.86777932], [-0.48626686], [0.10248704] , By, [0.29207463] , [0.93747153] , [0.18931334] , Bz, [-0.16106944], [-0.61652009], [-0.77068776]
Time, 01/02/2024 15:06:23, X, -3009289.655951132 , Y, -3680166.979442208 , Z,    6011419.787025612 , Lat,  0.9016844897591466 , Lon, -2.2562399430494233   , Alt, 1292982.0645558871 , Bx, [-0.55927644], [-0.81292868], [0.16234783] , By, [-0.35938143], [0.93017368] , [-0.07497943], Bz, [-0.8265314] , [-0.55600179], [0.08779433]
Time, 01/02/2024 15:06:24, X, -3360297.1958408616, Y, -4130641.3001456293, Z,    5912719.705300617 , Lat,  0.8376654481230743 , Lon, -2.253717926108397    , Alt, 1586012.5743456604 , Bx, [0.51808032] , [0.7812714]  , [-0.34814908], By, [-0.10791668], [-0.84297229], [0.52702154] , Bz, [0.21104549] , [-0.97403773], [0.08191641]
Time, 01/02/2024 15:06:25, X, -3585791.627562884 , Y, -4798978.295316521 , Z,    5646948.632715859 , Lat,  0.7558716055128802 , Lon, -2.2125023632798966   , Alt, 1861625.5311261825 , Bx, [-0.18476108], [0.95210668] , [-0.2436313] , By, [0.17065191] , [-0.85304043], [-0.49315307], Bz, [0.40236676] , [-0.83077691], [-0.38459163]
Time, 01/02/2024 15:06:26, X, -3899679.7102706544, Y, -5351044.618483005 , Z,    4998692.759662958 , Lat,  0.646658417139682  , Lon, -2.200571081847177    , Alt, 1925270.8283420587 , Bx, [-0.00029906], [0.67845508] , [-0.73464183], By, [-0.71238937], [0.67061185] , [0.20683602] , Bz, [-0.08470816], [0.07971317] , [-0.99321213]
Time, 01/02/2024 15:06:27, X, -4272089.308761256 , Y, -5516222.478301315 , Z,    4697127.966287785 , Lat,  0.5925285003848932 , Lon, -2.229768445561511    , Alt, 2039854.2148720995 , Bx, [-0.22752067], [-0.27226342], [0.93493688] , By, [0.62975732] , [-0.35155115], [0.69268861] , Bz, [-0.1364172] , [0.87999259] , [0.45497625]
Time, 01/02/2024 15:06:28, X, -4895451.833655825 , Y, -6129907.438567361 , Z,    4543571.159389389 , Lat,  0.5249707339168732 , Lon, -2.244693760322038    , Alt, 2694608.2389149535 , Bx, [-0.13489107], [0.98730887] , [-0.08381881], By, [-0.88634023], [-0.21030633], [0.41251938] , Bz, [-0.54236257], [-0.68355343], [0.48846448]
Time, 01/02/2024 15:06:29, X, -5423408.861764001 , Y, -6067565.536280695 , Z,    4194865.510091944 , Lat,  0.4759388892534482 , Lon, -2.3001954794241315   , Alt, 2784632.7944430187 , Bx, [-0.41557806], [0.74956469] , [-0.51521613], By, [-0.6611147] , [-0.24247484], [0.71002345] , Bz, [0.0637125]  , [0.9861932]  , [-0.15285187]
Time, 01/02/2024 15:06:30, X, -5443024.74360739  , Y, -6049704.960243563 , Z,    3798395.321031702 , Lat,  0.4366985725799952 , Lon, -2.303455267284252    , Alt, 2609715.7554592155 , Bx, [0.86839243] , [-0.46920153], [-0.16045098], By, [0.79582384] , [-0.24212067], [-0.5550153] , Bz, [0.95367902] , [0.25002719] , [-0.1672804]
Time, 01/02/2024 15:06:31, X, -5995472.226620954 , Y, -6181650.851704804 , Z,    3894311.551790437 , Lat,  0.42469895609817865, Lon, -2.3409064686390844   , Alt, 3080145.800111985  , Bx, [0.39663077] , [0.88316096] , [0.25042114] , By, [-0.81645439], [0.42317806] , [0.3928391]  , Bz, [-0.58630894], [-0.17939318], [0.78997463]
Time, 01/02/2024 15:06:32, X, -6843530.930509748 , Y, -5967560.158880698 , Z,    4109884.10291001  , Lat,  0.4250408387849951 , Lon, -2.424464198680881    , Alt, 3595786.7031484265 , Bx, [0.46856592] , [0.17306008] , [0.86631183] , By, [-0.12261661], [0.9837988]  , [0.13078645] , Bz, [-0.68253119], [0.56885808] , [0.45885908]
Time, 01/02/2024 15:06:33, X, -7981022.878736537 , Y, -6122550.799298389 , Z,    4689999.711145687 , Lat,  0.43628634579625936, Lon, -2.4872127616371458   , Alt, 4727578.817643816  , Bx, [0.83969949] , [-0.53352177], [0.10128811] , By, [0.93662403] , [0.04756234] , [0.34709255] , Bz, [-0.4712425] , [-0.44665262], [0.76054713]
Time, 01/02/2024 15:06:34, X, -9403432.591874164 , Y, -5749681.492439355 , Z,    4832144.799830373 , Lat,  0.41317488002822045, Lon, -2.592800213121721    , Alt, 5663658.497063747  , Bx, [0.93249076] , [0.21200516] , [-0.29242914], By, [0.51316455] , [-0.77916037], [-0.35996007], Bz, [-0.65996901], [0.63507115] , [-0.40140446]
Time, 01/02/2024 15:06:35, X, -10811459.302641762, Y, -4796626.34336837  , Z,    5009679.50795463  , Lat,  0.4006449291245069 , Lon, -2.724022460378173    , Alt, 6473927.609877568  , Bx, [0.50170244] , [0.76297841] , [0.40762557] , By, [-0.03472781], [-0.99897177], [0.02914399] , Bz, [-0.19562465], [0.96808496] , [-0.15666049]
Time, 01/02/2024 15:06:36, X, -12538309.021427803, Y, -3599781.041183247 , Z,    5824465.414443008 , Lat,  0.41993621351630805, Lon, -2.8620099357532247   , Alt, 7915077.629122799  , Bx, [-0.18327768], [0.86512248] , [-0.46687513], By, [0.18347359] , [-0.48452057], [-0.8553229] , Bz, [-0.37958028], [0.52841014] , [0.75940867]
Time, 01/02/2024 15:06:37, X, -14270140.215442037, Y, -2106771.5111987097, Z,    7145421.417653513 , Lat,  0.4599255697890219 , Lon, -2.9950165068901113   , Alt, 9726590.975193653  , Bx, [-0.5008788] , [0.11745781] , [-0.8575104] , By, [0.3842478]  , [0.90719435] , [-0.17132439], Bz, [-0.07092496], [0.57155673] , [0.81749163]
Time, 01/02/2024 15:06:38, X, -15783960.748826154, Y, 48932.51950033009  , Z,    8645171.708561659 , Lat,  0.5010880820581207 , Lon, -0.0031001320592709547, Alt, 11625522.03017195  , Bx, [0.7557797]  , [0.54465993] , [-0.36351426], By, [0.32553076] , [-0.85860838], [-0.39600678], Bz, [0.34917992] , [0.84492071] , [0.40519426]
Time, 01/02/2024 15:06:40, X, -17888050.97344064 , Y, 2580907.4292473127 , Z,   10463093.372812742 , Lat,  0.5247798362385543 , Lon, -0.14329224030439036  , Alt, 14512480.881188188 , Bx, [0.57115285] , [0.18207024] , [-0.80039668], By, [0.16809687] , [0.75063612] , [0.63897485] , Bz, [-0.55556358], [0.65138976] , [0.51675961]
Time, 01/02/2024 15:06:41, X, -20866829.240412727, Y, 5126683.366600037  , Z,   12096784.055578321 , Lat,  0.5127476386442869 , Lon, -0.24091412388389877  , Alt, 18287459.59051804  , Bx, [-0.32577905], [0.94297402] , [0.06832276] , By, [0.60381839] , [-0.59365167], [-0.53195962], Bz, [-0.98976694], [0.04029198] , [-0.13688665]
Time, 01/02/2024 15:06:42, X, -23794269.61243578 , Y, 8467194.765216582  , Z,   14394338.275653712 , Lat,  0.5180229038902198 , Lon, -0.3418770112228904   , Alt, 22698874.92190748  , Bx, [-0.67803162], [-0.6319281] , [0.37541977] , By, [-0.65960598], [-0.59750534], [-0.45596854], Bz, [-0.22592697], [0.78803374] , [0.57267778]
Time, 01/02/2024 15:06:43, X, -25943693.695459124, Y, 11311769.671139993 , Z,   16961337.681024704 , Lat,  0.5398955579765783 , Lon, -0.4111610708944138   , Alt, 26624732.32383965  , Bx, [-0.60050244], [-0.21695218], [0.76962885] , By, [-0.35642749], [0.49993346] , [0.78931995] , Bz, [0.84690645] , [-0.33388885], [0.41384502]
Time, 01/02/2024 15:06:44, X, -27832301.36521142 , Y, 13767793.66269898  , Z,   18712863.934895724 , Lat,  0.5423596245262399 , Lon, -0.4593742114366304   , Alt, 29883108.984617516 , Bx, [-0.82186601], [-0.18400442], [-0.53914621], By, [0.57325196] , [0.36119448] , [0.73547314] , Bz, [0.59328156] , [-0.4958799] , [-0.63412941]
Time, 01/02/2024 15:06:45, X, -29688778.52605404 , Y, 16115984.519307736 , Z,   19817615.73753404  , Lat,  0.5305467350551718 , Lon, -0.49732239850196613  , Alt, 32793862.06941384  , Bx, [-0.66415702], [0.74653869] , [-0.03969177], By, [0.79090311] , [-0.60766621], [0.07220832] , Bz, [0.27546513] , [-0.36554181], [-0.88909963]
Time, 01/02/2024 15:06:46, X, -31177265.80486121 , Y, 17779076.446962547 , Z,   21992805.425519988 , Lat,  0.5497618736920202 , Lon, -0.5182630256144263   , Alt, 35721766.039530925 , Bx, [0.89023654] , [0.01970906] , [-0.45507193], By, [0.78498776] , [-0.48035913], [-0.39121519], Bz, [0.36689142] , [-0.69926882], [0.61352571]
Time, 01/02/2024 15:06:47, X, -34012697.97486079 , Y, 19651273.530725878 , Z,   24044910.484166984 , Lat,  0.5492821387547799 , Lon, -0.5239081606104294   , Alt, 39685420.780387506 , Bx, [-0.04327098], [-0.94440948], [-0.32591158], By, [0.6675956]  , [0.34640586] , [0.6590289]  , Bz, [-0.990214]  , [-0.10087094], [0.0964432]
Time, 01/02/2024 15:06:48, X, -37020116.88556135 , Y, 22583735.735846218 , Z,   26441777.737983946 , Lat,  0.5475583393583572 , Lon, -0.5477688433483907   , Alt, 44419567.86404445  , Bx, [-0.16089925], [-0.03133039], [-0.98647343], By, [-0.55377141], [-0.68743549], [0.46986134] , Bz, [-0.36505017], [0.86977711] , [0.33200326]
Time, 01/02/2024 15:06:49, X, -39899176.905405626, Y, 26331099.800196473 , Z,   28928389.03675188  , Lat,  0.5441898550598905 , Lon, -0.5833318573447643   , Alt, 49504959.29090101  , Bx, [-0.03209934], [-0.90070564], [-0.43324241], By, [-0.4662541] , [-0.53364869], [0.70556799] , Bz, [0.00827451] , [0.98396124] , [0.17819036]
Time, 01/02/2024 15:06:50, X, -41822333.43961061 , Y, 30170096.83249881  , Z,   32185485.960578527 , Lat,  0.5579712708406557 , Lon, -0.6249360582419312   , Alt, 54417550.103904635 , Bx, [-0.95747258], [-0.28422187], [-0.04964048], By, [0.44189718] , [-0.54518502], [-0.71239047], Bz, [0.78581751] , [0.2712434]  , [0.55580379]
Time, 01/02/2024 15:06:51, X, -44824999.9865001  , Y, 35129879.40202962  , Z,   35200112.51161304  , Lat,  0.5536074851486892 , Lon, -0.6647298744488754   , Alt, 60580004.25998923  , Bx, [-0.21906267], [-0.73443875], [-0.64234824], By, [-0.16248707], [0.09538569] , [0.98208937] , Bz, [-0.50358493], [0.86093429] , [0.0720719]
Time, 01/02/2024 15:06:52, X, -46954950.87290395 , Y, 39434277.574356504 , Z,   37245411.78760558  , Lat,  0.5458571268293668 , Lon, -0.6985614083372411   , Alt, 65371946.40253165  , Bx, [0.67634683] , [0.20434099] , [-0.70767205], By, [-0.05849007], [-0.81768079], [-0.5726928] , Bz, [0.48619176] , [-0.33989448], [-0.80503995]
Time, 01/02/2024 15:06:53, X, -49455649.48371839 , Y, 45068295.59942215  , Z,   38882699.342380315 , Lat,  0.5264178871798597 , Lon, -0.7390161881661541   , Alt, 71016833.9420561   , Bx, [-0.80416126], [0.30566511] , [0.50979752] , By, [-0.965442]  , [0.24739687] , [0.0819545]  , Bz, [-0.04776985], [0.81606631] , [-0.57598074]
Time, 01/02/2024 15:06:54, X, -50788622.45524611 , Y, 50783079.8160415   , Z,   41607757.836714335 , Lat,  0.5250728734423775 , Lon, -0.7853435946634884   , Alt, 76632679.91060778  , Bx, [0.46016362] , [0.8784948]  , [-0.12843804], By, [-0.01585107], [0.88430944] , [0.46663214] , Bz, [0.75607699] , [0.24871579] , [0.60538256]
Time, 01/02/2024 15:06:55, X, -53801171.659547   , Y, 57441112.53503141  , Z,   44169006.70386203  , Lat,  0.5114138603783969 , Lon, -0.8181073323743124   , Alt, 83878369.16349052  , Bx, [-0.5070885] , [0.86075392] , [0.04431635] , By, [0.63199266] , [0.15693446] , [0.75891821] , Bz, [-0.76179302], [0.6397032]  , [0.10223111]
Time, 01/02/2024 15:06:56, X, -56822221.46438754 , Y, 63233563.94674477  , Z,   45376627.39974696  , Lat,  0.490289157208184  , Lon, -0.8387505117894829   , Alt, 89994381.62499243  , Bx, [0.26224912] , [0.37789471] , [-0.88793073], By, [-0.80740372], [0.42877235] , [0.405282]   , Bz, [-0.3080569] , [-0.33694791], [-0.88970054]
Time, 01/02/2024 15:06:57, X, -60369148.079136856, Y, 70791929.82751551  , Z,   47008358.466108985 , Lat,  0.4678497761946434 , Lon, -0.8646970340641449   , Alt, 97867750.6361374   , Bx, [-0.8636701] , [0.06577922] , [-0.49974699], By, [0.38200412] , [0.29519682] , [0.87574636] , Bz, [-0.38200599], [0.92365336] , [-0.03059225]
Time, 01/02/2024 15:06:58, X, -63634521.37733453 , Y, 79379882.71314982  , Z,   49703278.21188708  , Lat,  0.45444115653153494, Lon, -0.8950528696467162   , Alt, 106858563.08086734 , Bx, [0.47635034] , [-0.22743305], [0.84933183] , By, [-0.56628776], [0.20014558] , [-0.79953731], Bz, [0.03456322] , [0.84453469] , [0.53438426]
Time, 01/02/2024 15:06:59, X, -67480443.90376563 , Y, 86643317.03940998  , Z,   53499923.00532475  , Lat,  0.453319078491464  , Lon, -0.9090976663499397   , Alt, 115788389.56386712 , Bx, [-0.26348924], [-0.18869316], [0.94602765] , By, [0.36718392] , [-0.45788252], [-0.80964162], Bz, [-0.25095974], [-0.62259123], [0.74121479]
Time, 01/02/2024 15:07:00, X, -70078962.38931827 , Y, 93133040.39073105  , Z,   57867082.36623062  , Lat,  0.4608302292311117 , Lon, -0.9257221632367312   , Alt, 123757488.05532609 , Bx, [-0.3064709] , [0.94092195] , [0.14401898] , By, [-0.38007439], [-0.54687034], [-0.74597338], Bz, [0.58862027] , [-0.62535835], [0.51230177]
Time, 01/02/2024 15:07:01, X, -73019383.46470529 , Y, 99588063.20952886  , Z,   59870069.84952584  , Lat,  0.45142987509351684, Lon, -0.9381249583521996   , Alt, 130866159.54207847 , Bx, [0.07263409] , [0.43067668] , [-0.89957873], By, [0.74771337] , [-0.17735217], [-0.63989915], Bz, [0.01964281] , [-0.28732789], [-0.95763085]
Time, 01/02/2024 15:07:02, X, -75400881.20905031 , Y, 105418015.13284676 , Z,   63896082.00191401  , Lat,  0.4580276326840682 , Lon, -0.9499045651787865   , Alt, 138131457.06162143 , Bx, [0.4443981]  , [-0.20171466], [0.87282388] , By, [-0.05890508], [0.77147417] , [-0.63352805], Bz, [0.37000354] , [-0.52878766], [0.76385928]
Time, 01/02/2024 15:07:03, X, -76408376.65536198 , Y, 110617999.50219026 , Z,   67408427.26358171  , Lat,  0.46476304751373765, Lon, -0.9663115908422331   , Alt, 144023407.81865466 , Bx, [0.54100241] , [0.09401611] , [-0.83574958], By, [-0.05656061], [0.74531989] , [-0.66430351], Bz, [0.85079626] , [-0.51333681], [-0.11238794]
Time, 01/02/2024 15:07:04, X, -76686746.63155107 , Y, 115114045.05498905 , Z,   70030699.13657795  , Lat,  0.46867416299358444, Lon, -0.9831302882142543   , Alt, 148665767.57276532 , Bx, [-0.45048274], [-0.78836464], [-0.41898269], By, [-0.8599926] , [-0.35766937], [0.36398536] , Bz, [0.65148382] , [-0.57417716], [-0.49587238]
Time, 01/02/2024 15:07:05, X, -76121863.25867297 , Y, 119193497.01290256 , Z,   74725975.83421302  , Lat,  0.48608591413174174, Lon, -1.0024477795064435   , Alt, 153583991.3585453  , Bx, [-0.69832547], [0.25469017] , [-0.66893532], By, [0.17561668] , [0.93340922] , [-0.31289937], Bz, [0.56827911] , [-0.35654587], [0.74157527]
Time, 01/02/2024 15:07:06, X, -75757539.67462508 , Y, 125822735.57320186 , Z,   78703150.73497467  , Lat,  0.4919319883695852 , Lon, -1.0288360608509572   , Alt, 160256583.37168676 , Bx, [-0.76065702], [0.17019239] , [0.62644669] , By, [-0.30054633], [-0.86893658], [0.39321892] , Bz, [0.13471761] , [0.98309332] , [-0.12401085]
Time, 01/02/2024 15:07:07, X, -73975516.48751727 , Y, 133061711.04988748 , Z,   83686452.33901992  , Lat,  0.5026063941150449 , Lon, -1.0633972716744093   , Alt, 167356425.2736445  , Bx, [0.22308203] , [0.9488772]  , [0.223308]   , By, [0.51972524] , [-0.4834117] , [0.7044138]  , Bz, [0.71592708] , [0.56036381] , [0.41646225]
Time, 01/02/2024 15:07:08, X, -72473203.31636296 , Y, 137995378.18151692 , Z,   87368933.39136322  , Lat,  0.5108906414449566 , Lon, -1.0872037377691166   , Alt, 172314254.34500527 , Bx, [0.33595292] , [-0.53425505], [-0.77569787], By, [-0.08823114], [-0.93619591], [0.34022417] , Bz, [0.07113802] , [-0.8864804] , [-0.45726565]
Time, 01/02/2024 15:07:09, X, -70409421.92392074 , Y, 140924027.77418277 , Z,   91405616.47586744  , Lat,  0.5257533461802886 , Lon, -1.1074473173411317   , Alt, 175760971.4467855  , Bx, [0.09875437] , [-0.97974768], [0.17418972] , By, [-0.64393203], [-0.75868]   , [0.0987735]  , Bz, [0.26461783] , [-0.96318088], [-0.04753951]
Time, 01/02/2024 15:07:10, X, -68056179.31845228 , Y, 145262816.61707103 , Z,   98082148.16161205  , Lat,  0.5487801256842357 , Lon, -1.1326616473409485   , Alt, 181653033.6311998  , Bx, [0.13858953] , [-0.03043279], [0.98988221] , By, [-0.76964903], [-0.17801225], [-0.61314925], Bz, [0.17236916] , [0.16944277] , [0.97034943]
Time, 01/02/2024 15:07:11, X, -64965735.380773015, Y, 147763560.2103848  , Z,  102804695.34915337  , Lat,  0.5671102207109993 , Lon, -1.1565742922572815   , Alt, 185001468.98507857 , Bx, [-0.05854963], [-0.94545406], [0.32045057] , By, [-0.27109029], [-0.90805131], [0.31930059] , Bz, [0.39598567] , [-0.74469985], [-0.53723131]
Time, 01/02/2024 15:07:12, X, -59616263.834313124, Y, 151350947.17886302 , Z,  108095580.18036042  , Lat,  0.5865097188251804 , Lon, -1.1955646066633463   , Alt, 188938658.18420282 , Bx, [-0.18052369], [0.98208845] , [-0.05397653], By, [-0.76501039], [-0.48735711], [-0.42100138], Bz, [0.99629218] , [0.08572042] , [0.00734127]
Time, 01/02/2024 15:07:13, X, -52995396.69791613 , Y, 154923798.45955843 , Z,  111824607.0076356   , Lat,  0.5991921014250483 , Lon, -1.241199946169508    , Alt, 191908192.3846764  , Bx, [-0.52806406], [-0.84646057], [-0.06821187], By, [-0.6978979] , [0.70800551] , [0.10801256] , Bz, [0.78393949] , [0.06731854] , [-0.6171767]
Time, 01/02/2024 15:07:14, X, -49479542.463475876, Y, 158770333.21118885 , Z,  115559477.71763153  , Lat,  0.6072805452935779 , Lon, -1.2686930949607227   , Alt, 196138843.51571316 , Bx, [-0.24288559], [-0.39073762], [0.88787989] , By, [0.33081971] , [-0.22286045], [0.91700139] , Bz, [-0.97141242], [0.10788711] , [-0.21146696]
Time, 01/02/2024 15:07:15, X, -44056722.22511395 , Y, 160038218.25047484 , Z,  118340711.37169592  , Lat,  0.6193523586458172 , Lon, -1.30216168033545     , Alt, 197486180.501366   , Bx, [0.89624349] , [-0.32352508], [-0.30344542], By, [-0.65834283], [-0.73277036], [-0.17214043], Bz, [0.33586917] , [-0.85307443], [-0.39931933]
Time, 01/02/2024 15:07:16, X, -40142143.921000406, Y, 162772133.61664894 , Z,  124051385.14733595  , Lat,  0.6370363606494371 , Lon, -1.329005529220007    , Alt, 202183322.31834278 , Bx, [0.40820382] , [0.36138942] , [0.83831219] , By, [-0.27906334], [0.9457705]  , [0.16625827] , Bz, [-0.46860804], [0.22387536] , [0.85456792]
Time, 01/02/2024 15:07:17, X, -38342286.35437637 , Y, 164448715.06012362 , Z,  128760702.13890412  , Lat,  0.651473368264194  , Lon, -1.3417321056839357   , Alt, 205979722.21000406 , Bx, [0.02257407] , [-0.99485662], [-0.09874573], By, [0.29273797] , [0.69755867] , [-0.65400029], Bz, [-0.96289024], [-0.22411072], [-0.15038877]
Time, 01/02/2024 15:07:18, X, -36999022.299612366, Y, 165902166.06902456 , Z,  135930126.37988266  , Lat,  0.6745539360653255 , Lon, -1.3513700233508725   , Alt, 211274251.76344255 , Bx, [0.82714852] , [-0.02321664], [-0.56150362], By, [0.5858143]  , [0.73664233] , [-0.33790484], Bz, [-0.49508718], [-0.14502191], [0.85665473]
Time, 01/02/2024 15:07:19, X, -33344899.6753868  , Y, 165847969.98039484 , Z,  140414578.60342816  , Lat,  0.6927890898788664 , Lon, -1.3723846023359494   , Alt, 213478233.2607914  , Bx, [0.78091061] , [0.09978603] , [-0.61662092], By, [-0.95734421], [-0.03226799], [-0.28714255], Bz, [0.52861721] , [-0.55096746], [-0.64575437]
Time, 01/02/2024 15:07:20, X, -28378680.716722883, Y, 164638096.94249165 , Z,  144399128.63445845  , Lat,  0.7127512078516304 , Lon, -1.400103574029882    , Alt, 214450558.8081423  , Bx, [0.59143781] , [-0.79842039], [0.11281048] , By, [-0.76611126], [0.12521386] , [0.63039276] , Bz, [0.64878053] , [-0.66120693], [-0.37668187]
Time, 01/02/2024 15:07:21, X, -25857420.34697696 , Y, 166306129.91752464 , Z,  148939290.6682277   , Lat,  0.7244323779898785 , Lon, -1.4165504810727736   , Alt, 218371624.66185552 , Bx, [0.74191372] , [0.60161371] , [-0.29601515], By, [-0.1368211] , [0.97476484] , [-0.17639018], Bz, [-0.64065462], [0.76680226] , [0.0396982]
Time, 01/02/2024 15:07:22, X, -25145047.44168692 , Y, 165235764.59132415 , Z,  154205183.0389242   , Lat,  0.745173569032975  , Lon, -1.4197781768052709   , Alt, 221036936.94810277 , Bx, [0.55447815] , [-0.41114171], [0.72354438] , By, [0.94358505] , [-0.18785076], [-0.2726891] , Bz, [-0.71577684], [-0.6767981] , [0.1720693]
Time, 01/02/2024 15:07:23, X, -25577022.44701378 , Y, 163451463.96522674 , Z,  157196656.95570794  , Lat,  0.7598522289612326 , Lon, -1.4155742538412461   , Alt, 221842395.9864788  , Bx, [-0.69566811], [-0.42878545], [-0.57635832], By, [0.10581828] , [-0.93786251], [-0.33047905], Bz, [-0.60608191], [-0.44838821], [-0.6569724]
Time, 01/02/2024 15:07:24, X, -25129531.362438824, Y, 158733883.35191202 , Z,  161485246.5779424   , Lat,  0.7878020234789209 , Lon, -1.413787037860037    , Alt, 221456618.89817718 , Bx, [-0.10009311], [0.644952]   , [-0.75763995], By, [-0.77207122], [0.63139706] , [0.07241403] , Bz, [0.0408843]  , [-0.98402319], [0.17328255]
Time, 01/02/2024 15:07:25, X, -27319483.694268532, Y, 152507350.00981766 , Z,  166520286.94274157  , Lat,  0.821422776430591  , Lon, -1.3935408628935226   , Alt, 221079768.21112612 , Bx, [0.56622761] , [0.00948272] , [0.82419437] , By, [0.97907766] , [-0.12442862], [-0.16101074], Bz, [-0.59300044], [-0.77495773], [0.21861151]
Time, 01/02/2024 15:07:26, X, -27587220.078542553, Y, 146723340.55335084 , Z,  174265171.68401825  , Lat,  0.8624209522063792 , Lon, -1.3849441255590431   , Alt, 223100443.61958605 , Bx, [-0.36808963], [0.89716196] , [0.2441525]  , By, [-0.03545445], [-0.33140317], [-0.94282285], Bz, [0.32103203] , [-0.05479842], [0.94548166]
Time, 01/02/2024 15:07:27, X, -29000366.3938782  , Y, 142005781.95564365 , Z,  184247491.97457364  , Lat,  0.9042539437303141 , Lon, -1.369346754882228    , Alt, 228051272.1047076  , Bx, [0.24670105] , [0.80216992] , [-0.54374811], By, [-0.80805366], [-0.52220656], [-0.27267122], Bz, [-0.30103072], [0.22595158] , [0.92645906]
Time, 01/02/2024 15:07:28, X, -27881270.723331496, Y, 134074466.73438856 , Z,  192482787.08116654  , Lat,  0.9524239183449573 , Lon, -1.36576488333478     , Alt, 229855482.87140048 , Bx, [0.69877466] , [0.68966322] , [-0.18994374], By, [-0.3602925] , [-0.70924925], [0.60593301] , Bz, [0.62021157] , [-0.74810612], [-0.23595514]
Time, 01/02/2024 15:07:29, X, -25996417.71905467 , Y, 127486291.78562187 , Z,  203796598.18594295  , Lat,  1.0025978268365328 , Lon, -1.369638813123447    , Alt, 235417382.1849904  , Bx, [-0.95875972], [-0.16319987], [0.23269208] , By, [0.88575638] , [-0.0305421] , [-0.4631445] , Bz, [0.57001617] , [0.16248601] , [0.80540664]
Time, 01/02/2024 15:07:30, X, -23125866.91528132 , Y, 117991844.39535458 , Z,  212381996.01383036  , Lat,  1.0556502440113256 , Lon, -1.3772542257356317   , Alt, 237684307.86118856 , Bx, [-0.47977017], [-0.3755328] , [0.79296639] , By, [-0.89454531], [0.44644916] , [-0.02172167], Bz, [0.44307592] , [-0.69112007], [-0.5709963]
Time, 01/02/2024 15:07:31, X, -18547514.57106591 , Y, 110182164.96393695 , Z,  224815577.35764083  , Lat,  1.1095551072005396 , Lon, -1.404024848079854    , Alt, 244679121.68002132 , Bx, [-0.46683382], [0.86457919] , [-0.18592745], By, [-0.40104258], [0.54442408] , [-0.7367274] , Bz, [0.5772373]  , [0.16807532] , [0.79909185]
Time, 01/02/2024 15:07:32, X, -17460980.850556593, Y, 102209066.1862872  , Z,  233803436.4742888   , Lat,  1.1533680911505528 , Lon, -1.4015938320791896   , Alt, 249393786.41541556 , Bx, [0.91566677] , [0.17069761] , [0.36389105] , By, [-0.97159318], [-0.07357037], [0.22493132] , Bz, [-0.76576849], [0.05492282] , [-0.64076681]
Time, 01/02/2024 15:07:33, X, -11809721.56249863 , Y, 94170954.48527984  , Z,  244079916.04672346  , Lat,  1.199945570832892  , Lon, -1.4460403559316246   , Alt, 255511881.47457817 , Bx, [-0.36774953], [0.36685721] , [-0.85450341], By, [0.129701]   , [0.78669791] , [0.60355949] , Bz, [0.99207234] , [-0.01207526], [0.12508664]
Time, 01/02/2024 15:07:34, X, -9982918.297089078 , Y, 83285389.69043757  , Z,  254074077.37783355  , Lat,  1.2519170681559433 , Lon, -1.4515014918968996   , Alt, 261191612.46484298 , Bx, [0.33493648] , [0.94135753] , [0.04078672] , By, [-0.37753556], [-0.92051592], [0.10058495] , Bz, [-0.6869133] , [-0.72414748], [-0.06132337]
Time, 01/02/2024 15:07:35, X, -9612347.007838506 , Y, 74245906.85109255  , Z,  261199714.44107565  , Lat,  1.291657752608401  , Lon, -1.4420461338002353   , Alt, 265346026.92919278 , Bx, [0.85695422] , [0.20072237] , [-0.4746999] , By, [-0.90108907], [0.20427229] , [-0.38250662], Bz, [-0.59248687], [0.25676986] , [-0.76356306]
Time, 01/02/2024 15:07:36, X, -7022562.544393223 , Y, 65447232.48951358  , Z,  264910161.48258016  , Lat,  1.327255724967349  , Lon, -1.4639041719996433   , Alt, 266594291.350298   , Bx, [0.26253319] , [0.17696003] , [-0.94855757], By, [-0.12799824], [0.13760351] , [0.98218212] , Bz, [0.30512763] , [0.14288724] , [-0.94153086]
Time, 01/02/2024 15:07:37, X, -2012269.2633462753, Y, 58186223.88936874  , Z,  272106685.4170661   , Lat,  1.3600106952107909 , Lon, -1.5362268449110292   , Alt, 271894582.00171673 , Bx, [-0.39777459], [-0.12974827], [-0.90826249], By, [-0.30597533], [-0.93291999], [0.18984044] , Bz, [0.71686128] , [0.42317104] , [0.55410845]
Time, 01/02/2024 15:07:38, X, -745614.9034598349 , Y, 51845214.23364786  , Z,  281194801.2418218   , Lat,  1.388450771806413  , Lon, -1.5564157611846419   , Alt, 279564304.616175   , Bx, [0.60140114] , [-0.54219845], [-0.58680279], By, [0.70843615] , [0.65262095] , [0.26870823] , Bz, [-0.64128198], [0.4497084]  , [0.62170715]
Time, 01/02/2024 15:07:39, X, 1275591.7082278735 , Y, 49107882.8267974   , Z,  289880322.66407746  , Lat,  1.4029265971734362 , Lon, 1.544826872125696     , Alt, 287642286.70277166 , Bx, [-0.16250989], [-0.96787113], [-0.19187499], By, [-0.21885878], [0.97160664] , [0.08989644] , Bz, [-0.01920347], [0.99572333] , [0.09036749]
Time, 01/02/2024 15:07:40, X, 911053.5391319226  , Y, 47627811.90340008  , Z,  296634783.0390453   , Lat,  1.4115660257220386 , Lon, 1.5516700556542349    , Alt, 294064405.6929347  , Bx, [-0.01632309], [-0.97464154], [-0.22317576], By, [0.18131159] , [0.91651743] , [-0.35654159], Bz, [-0.5606784] , [0.71761157] , [-0.41312632]
Time, 01/02/2024 15:07:41, X, 3816393.8275151625 , Y, 46388708.354327634 , Z,  307534929.34079856  , Lat,  1.4205862869307375 , Lon, 1.4887112989809688    , Alt, 304666312.6962094  , Bx, [0.494383]   , [-0.6699917] , [-0.55380192], By, [-0.66876167], [-0.31158113], [0.67503705] , Bz, [0.47256911] , [0.33637492] , [0.81457372]
Time, 01/02/2024 15:07:42, X, 1742582.220967623  , Y, 46016212.38890292  , Z,  317988295.7849037   , Lat,  1.4269819617508155 , Lon, 1.5329455376450596    , Alt, 314934282.6388089  , Bx, [0.6133843]  , [0.15624542] , [0.77417509] , By, [-0.24164959], [0.62032698] , [0.74619026] , Bz, [-0.97343633], [0.22893001] , [-0.00357166]
Time, 01/02/2024 15:07:43, X, 4143498.098284715  , Y, 43038851.82117769  , Z,  324954031.5171144   , Lat,  1.4385149876100836 , Lon, 1.4748186878415988    , Alt, 321446989.0454481  , Bx, [0.53401413] , [-0.26051913], [0.80433742] , By, [0.98344102] , [0.16641923] , [0.07175239] , Bz, [0.54785925] , [-0.40833138], [-0.73014774]
Time, 01/02/2024 15:07:44, X, 7742942.580420364  , Y, 41659197.95429569  , Z,  328528946.281214    , Lat,  1.4425275196969598 , Lon, 1.3870293417436035    , Alt, 324879223.36391515 , Bx, [0.77003702] , [-0.31715212], [0.55358605] , By, [-0.01266063], [-0.94925698], [0.31424656] , Bz, [0.34065457] , [0.18770628] , [-0.92126045]
Time, 01/02/2024 15:07:45, X, 11804056.597966075 , Y, 35234919.62208602  , Z,  333002244.12503165  , Lat,  1.4596664612337744 , Lon, 1.2475373746097       , Alt, 328698141.9770702  , Bx, [0.57408484] , [-0.6261962] , [-0.52754612], By, [0.69766219] , [0.23767204] , [0.67585463] , Bz, [0.26471978] , [-0.95526655], [-0.1318683]
Time, 01/02/2024 15:07:46, X, 19834900.01189061  , Y, 28329685.214750983 , Z,  339169904.2562425   , Lat,  1.4691834106695076 , Lon, 0.9599727561540808    , Alt, 334557465.04220986 , Bx, [-0.31338753], [0.28049875] , [0.90725339] , By, [0.17535827] , [0.93975438] , [-0.29344707], Bz, [0.89187313] , [-0.40103057], [0.20913345]
Time, 01/02/2024 15:07:47, X, 21520766.258804224 , Y, 22484723.27953799  , Z,  345518352.32255584  , Lat,  1.480959509189388  , Lon, 0.8073000418146441    , Alt, 340546335.9072984  , Bx, [-0.41070614], [0.61573155] , [-0.67245456], By, [0.60108621] , [0.76821993] , [0.22030321] , Bz, [-0.98259036], [0.16056023] , [0.09346973]
Time, 01/02/2024 15:07:48, X, 25112863.080516417 , Y, 21585835.02523215  , Z,  351208256.5361638   , Lat,  1.4767854409041177 , Lon, 0.7100139544447506    , Alt, 346394989.8927462  , Bx, [0.04574819] , [-0.452503]  , [-0.89058865], By, [0.47185399] , [-0.18922776], [-0.86113104], Bz, [0.04571149] , [0.98966522] , [-0.13591623]
Time, 01/02/2024 15:07:49, X, 31960896.44320064  , Y, 22757429.80846113  , Z,  357968778.6028612   , Lat,  1.46162705546935   , Lon, 0.6187607357595528    , Alt, 353741546.25098014 , Bx, [-0.05593974], [-0.72135428], [0.69030338] , By, [-0.80400503], [-0.14505048], [0.57665958] , Bz, [0.64655715] , [0.73436504] , [0.20657165]
Time, 01/02/2024 15:07:50, X, 42462416.62613472  , Y, 21194268.758059498 , Z,  366326486.1925388   , Lat,  1.4419630094368265 , Lon, 0.4629514186196191    , Alt, 363016802.0997616  , Bx, [0.6248969]  , [-0.22290602], [0.74820904] , By, [0.7253548]  , [0.67489019] , [0.13558634] , Bz, [0.87787711] , [-0.34277505], [0.33442046]
Time, 01/02/2024 15:07:51, X, 55531756.10008919  , Y, 18790154.025526233 , Z,  376712174.5233449   , Lat,  1.4164128949163748 , Lon, 0.3262746439605348    , Alt, 374875519.01095414 , Bx, [0.78619069] , [-0.10426491], [-0.60912481], By, [0.57369286] , [-0.02576574], [0.81866515] , Bz, [0.80040255] , [-0.25150187], [0.54415307]
Time, 01/02/2024 15:07:52, X, 69025627.39931262  , Y, 12351189.85509025  , Z,  389107490.3323894   , Lat,  1.392497750907016  , Lon, 0.17706242251790416   , Alt, 389004426.8558881  , Bx, [0.75169557] , [-0.64717368], [0.12696456] , By, [0.63127929] , [0.54125926] , [0.55545015] , Bz, [0.27153462] , [-0.81270156], [0.51554353]
Time, 01/02/2024 15:07:53, X, 82126034.22701257  , Y, 7562716.934383121  , Z,  395515349.88050306  , Lat,  1.3652204644335009 , Lon, 0.09182773683715154   , Alt, 397651613.44680053 , Bx, [0.21554566] , [-0.96136432], [0.17122707] , By, [0.4614438]  , [0.73311966] , [-0.49960502], Bz, [-0.00408692], [0.14114679] , [-0.98998024]
Time, 01/02/2024 15:07:54, X, 98095854.35715456  , Y, 6902873.494725748  , Z,  404286512.8403293   , Lat,  1.3321905894188373 , Lon, 0.07025285124502437   , Alt, 409703549.533059   , Bx, [0.89661787] , [-0.41483859], [0.15487203] , By, [-0.87395345], [-0.12475739], [-0.46972434], Bz, [0.50904032] , [0.84886219] , [0.14251646]
Time, 01/02/2024 15:07:55, X, 119731655.07878563 , Y, 4990511.988207245  , Z,  412628938.1273067   , Lat,  1.2881517134462384 , Lon, 0.04165669475921068   , Alt, 423307036.46204495 , Bx, [0.5825885]  , [-0.46816818], [-0.66438633], By, [-0.52056131], [0.66455275] , [0.53608354] , Bz, [0.9910291]  , [0.12171991] , [0.05518685]
Time, 01/02/2024 15:07:56, X, 138623378.29141226 , Y, 2726997.7740053046 , Z,  414771859.3700732   , Lat,  1.2481934478747991 , Lon, 0.019669453436953203  , Alt, 430961336.8458948  , Bx, [-0.31607539], [-0.26080334], [-0.91218308], By, [0.82289381] , [-0.1410223] , [0.55041664] , Bz, [-0.11743835], [-0.02953519], [-0.99264088]
Time, 01/02/2024 15:07:58, X, 154244334.6941406  , Y, 3015244.3874382228 , Z,  422350035.0366005   , Lat,  1.2205790429403098 , Lon, 0.019546004046165754  , Alt, 443273257.80762696 , Bx, [-0.56046193], [-0.69439751], [-0.4513253] , By, [0.19514751] , [-0.26910733], [-0.94313239], Bz, [-0.5494514] , [0.52193365] , [0.65244802]
Time, 01/02/2024 15:07:59, X, 170500555.30601582 , Y, 8191589.242931754  , Z,  433329640.2764352   , Lat,  1.195542273033341  , Lon, 0.048007440035356105  , Alt, 459367251.2056417  , Bx, [-0.5005494] , [0.79316191] , [-0.34690701], By, [-0.45328749], [0.10314031] , [-0.88537705], Bz, [-0.05442024], [0.73404334] , [0.67691861]
Time, 01/02/2024 15:08:00, X, 184976084.02514237 , Y, 16814588.55805078  , Z,  445951696.5422449   , Lat,  1.1761474850088585 , Lon, 0.09065227838054936   , Alt, 476714704.29951614 , Bx, [0.50337517] , [-0.18903377], [-0.84313681], By, [0.60784398] , [0.77874322] , [-0.15519242], Bz, [-0.33897235], [0.79791441] , [0.49842786]
Time, 01/02/2024 15:08:01, X, 200867125.67270008 , Y, 28180310.94470442  , Z,  462436611.7345515   , Lat,  1.1574456601078424 , Lon, 0.13938358694572311   , Alt, 498593703.6907479  , Bx, [-0.47620285], [0.55484304] , [-0.68218769], By, [0.96062525] , [0.19995747] , [-0.19291487], Bz, [0.06951544] , [0.7325521]  , [0.67715214]
Time, 01/02/2024 15:08:02, X, 214840299.15842852 , Y, 35688026.68665841  , Z,  483010334.64065886  , Lat,  1.1472029649838071 , Lon, 0.16461110442559362   , Alt, 523467628.9814588  , Bx, [0.50638265] , [0.81501399] , [0.2816537]  , By, [-0.70850523], [-0.02799142], [-0.70515021], Bz, [-0.28303606], [-0.39583039], [0.87361827]
Time, 01/02/2024 15:08:03, X, 228054685.049547   , Y, 47906852.48014178  , Z,  507284469.53101814  , Lat,  1.1401761661402332 , Lon, 0.20705673703194005   , Alt, 551877635.3901535  , Bx, [0.81157433] , [0.1608344]  , [-0.56167553], By, [-0.16496222], [-0.43248717], [0.88642107] , Bz, [-0.21875813], [0.52993244] , [0.81933906]
Time, 01/02/2024 15:08:04, X, 239744357.18179303 , Y, 54258058.27911809  , Z,  534400316.37595534  , Lat,  1.1396833994132993 , Lon, 0.22256697148728663   , Alt, 581850889.9628375  , Bx, [-0.02277754], [-0.18252522], [-0.9829373] , By, [0.34133212] , [0.05886689] , [0.93809758] , Bz, [-0.36784068], [-0.71379195], [0.59598178]
Time, 01/02/2024 15:08:05, X, 249852617.7578826  , Y, 61637481.46065046  , Z,  566078088.1709429   , Lat,  1.144117661729248  , Lon, 0.24186600338202685   , Alt, 615456879.4236782  , Bx, [0.3716568]  , [-0.87834444], [-0.30063644], By, [-0.43090426], [0.87423121] , [0.22369913] , Bz, [-0.38069066], [-0.0696103] , [0.92207865]
Time, 01/02/2024 15:08:06, X, 255964089.019947   , Y, 64271235.97975511  , Z,  594908266.8554041   , Lat,  1.1532653801778552 , Lon, 0.24600873948079754   , Alt, 644447140.9695625  , Bx, [0.92605066] , [-0.23696933], [0.29372728] , By, [-0.98436324], [-0.15933813], [0.07510242] , Bz, [-0.67474213], [-0.72114387], [-0.15708146]
Time, 01/02/2024 15:08:07, X, 258894110.4277721  , Y, 64778133.72772717  , Z,  626263524.8389959   , Lat,  1.1679614969894643 , Lon, 0.24517716685024854   , Alt, 674384734.141989   , Bx, [0.8783669]  , [-0.46338104], [0.11725867] , By, [-0.71872911], [-0.68359499], [-0.12698958], Bz, [-0.8319902] , [-0.48016052], [0.27791758]
Time, 01/02/2024 15:08:08, X, 260341225.35876802 , Y, 63513409.35953474  , Z,  663199486.7590832   , Lat,  1.186789275391233  , Lon, 0.23928797304205102   , Alt, 708922692.1483985  , Bx, [-0.05334068], [0.87082036] , [0.48869896] , By, [-0.9494998] , [-0.15502658], [0.27279458] , Bz, [-0.41194362], [-0.47121967], [0.77990671]
Time, 01/02/2024 15:08:09, X, 263991793.12454528 , Y, 63289817.76829675  , Z,  705973601.5330838   , Lat,  1.2036914737816575 , Lon, 0.23530065000039777   , Alt, 749999275.6797429  , Bx, [0.24056579] , [0.80350012] , [0.54453251] , By, [-0.69363596], [0.66528678] , [0.27615695] , Bz, [0.09144435] , [-0.07767578], [0.99277611]
Time, 01/02/2024 15:08:10, X, 266654683.38752207 , Y, 61331704.58681514  , Z,  754381642.5598043   , Lat,  1.2228492485174027 , Lon, 0.22607240353658276   , Alt, 796098912.7015619  , Bx, [-0.3855146] , [0.39128753] , [0.83562705] , By, [-0.71415862], [-0.66659428], [0.21361071] , Bz, [-0.06866654], [-0.24256934], [0.96770089]
Time, 01/02/2024 15:08:11, X, 267055175.63352364 , Y, 67040464.182452224 , Z,  803516574.4562533   , Lat,  1.240666013115831  , Lon, 0.24595348793209598   , Alt, 843012173.8952465  , Bx, [-0.38807218], [-0.09626554], [0.91658765] , By, [0.76534601] , [-0.07757721], [0.63892664] , Bz, [-0.28184283], [0.89680259] , [0.34104214]
Time, 01/02/2024 15:08:12, X, 266125356.99480152 , Y, 72634839.23813388  , Z,  843813695.1084974   , Lat,  1.254828793177893  , Lon, 0.266445087596652     , Alt, 881390272.8427706  , Bx, [-0.42830216], [0.67498509] , [-0.60079312], By, [0.8770981]  , [-0.31155742], [0.36555559] , Bz, [-0.17167591], [0.19599664] , [-0.96545984]
Time, 01/02/2024 15:08:13, X, 267222819.43490276 , Y, 81926132.5463736   , Z,  893836108.679839    , Lat,  1.2677324522854885 , Lon, 0.29748579182382645   , Alt, 930145372.3078532  , Bx, [-0.40438744], [0.17813748] , [0.89707181] , By, [0.60743855] , [-0.17409194], [0.7750551]  , Bz, [0.12721997] , [0.57064506] , [0.8112825]
Time, 01/02/2024 15:08:14, X, 268784715.93472    , Y, 84393225.47621146  , Z,  946037768.2655938   , Lat,  1.2813666478957915 , Lon, 0.30423330563992224   , Alt, 980723169.2722797  , Bx, [0.49935]    , [0.05652528] , [-0.86455449], By, [0.06161327] , [0.98555715] , [0.15773683] , Bz, [0.07733477] , [-0.81941576], [0.56795875]
Time, 01/02/2024 15:08:15, X, 274804171.6717797  , Y, 91450350.57871574  , Z,  992316149.826313    , Lat,  1.2868204180849707 , Lon, 0.32125580794967507   , Alt, 1027346485.8709224 , Bx, [0.47077809] , [-0.30838721], [0.82659865] , By, [-0.23280286], [0.33804261] , [0.91188268] , Bz, [0.58607495] , [0.38384591] , [-0.71356742]
Time, 01/02/2024 15:08:16, X, 283613566.66234845 , Y, 92093323.3607845   , Z, 1043100927.3788701   , Lat,  1.2923529988441254 , Lon, 0.31397328839693417   , Alt, 1078514883.4463794 , Bx, [0.72469036] , [-0.45041926], [0.52148478] , By, [-0.25447271], [0.571727]   , [0.77998197] , Bz, [0.57462478] , [-0.75188274], [0.32323166]
Time, 01/02/2024 15:08:17, X, 294374324.87447417 , Y, 101521196.90975118 , Z, 1095491850.9838264   , Lat,  1.293855238717117  , Lon, 0.3320983556309476    , Alt, 1132516699.5293527 , Bx, [-0.21743686], [0.28210289] , [0.93441916] , By, [-0.50518701], [0.07106572] , [-0.86007892], Bz, [0.4459599]  , [0.84262267] , [0.30183904]
Time, 01/02/2024 15:08:18, X, 304305417.1313102  , Y, 116670290.90322275 , Z, 1150043847.2313263   , Lat,  1.2946520239821835 , Lon, 0.3661134767338606    , Alt, 1188959328.4990027 , Bx, [-0.54734553], [-0.19658648], [0.81349039] , By, [-0.12330093], [0.19570275] , [-0.97288094], Bz, [0.08889751] , [0.97732193] , [0.1921954]
Time, 01/02/2024 15:08:19, X, 316429703.7134782  , Y, 136457151.68999287 , Z, 1199332158.5302792   , Lat,  1.291007645536713  , Lon, 0.4071441057236738    , Alt, 1241485537.4771428 , Bx, [0.16871558] , [0.78769644] , [0.59251107] , By, [0.56922187] , [0.7993251]  , [-0.19252495], Bz, [0.23362837] , [0.78690519] , [-0.57113746]
Time, 01/02/2024 15:08:20, X, 323022019.3728196  , Y, 147114515.83247402 , Z, 1254237857.2638166   , Lat,  1.295011130328422  , Lon, 0.42736186308209295   , Alt, 1297123728.9352756 , Bx, [0.77074778] , [-0.48149015], [-0.417271]  , By, [0.98759704] , [0.07562833] , [0.13759518] , Bz, [-0.56082214], [-0.70732492], [0.43031382]
Time, 01/02/2024 15:08:21, X, 340507473.1163227  , Y, 160492055.64143318 , Z, 1304249106.3479586   , Lat,  1.289810716967718  , Lon, 0.44045129568898056   , Alt, 1351115195.355785  , Bx, [0.51589228] , [0.06849204] , [-0.853911]  , By, [-0.5043686] , [0.74611814] , [-0.43464933], Bz, [0.94128561] , [-0.00268616], [-0.33760062]
Time, 01/02/2024 15:08:22, X, 355518039.03006655 , Y, 182255522.0719583  , Z, 1354344967.7037606   , Lat,  1.2839461367667393 , Lon, 0.47371453599049795   , Alt, 1405670232.735789  , Bx, [0.82135437] , [-0.53803842], [0.18945092] , By, [-0.33307507], [-0.55841536], [0.7597587]  , Bz, [0.0673403]  , [0.97608624] , [-0.20669046]
Time, 01/02/2024 15:08:23, X, 362918684.0457772  , Y, 198722247.16654506 , Z, 1401652037.198547    , Lat,  1.2837515297284923 , Lon, 0.5009732442621788    , Alt, 1455076548.197087  , Bx, [0.58276076] , [0.62806307] , [-0.51568079], By, [-0.99398233], [0.01340701] , [0.10871699] , Bz, [-0.83538473], [-0.33253777], [-0.43766537]
Time, 01/02/2024 15:08:24, X, 375410560.8773433  , Y, 214875649.09957704 , Z, 1442656276.8498592   , Lat,  1.2794927682076283 , Lon, 0.5198593437328803    , Alt, 1499737152.4673133 , Bx, [0.49303567] , [-0.66391736], [-0.56225401], By, [0.86925741] , [0.42505767] , [-0.25242332], Bz, [0.30043843] , [-0.18018319], [-0.93662734]
Time, 01/02/2024 15:08:25, X, 379822494.1217772  , Y, 231131699.05510962 , Z, 1481349200.027742    , Lat,  1.2792062036226282 , Lon, 0.5466647288717323    , Alt, 1540264846.530081  , Bx, [-0.55446565], [0.82992515] , [0.06157998] , By, [-0.36227738], [-0.93203362], [-0.00827167], Bz, [-0.79642701], [-0.05664359], [-0.602076]
Time, 01/02/2024 15:08:26, X, 391002497.07444715 , Y, 254405767.02005884 , Z, 1519519413.071228    , Lat,  1.2729363763277954 , Lon, 0.5768320130475637    , Alt, 1583139771.8137197 , Bx, [-0.5192618] , [-0.83570164], [0.17880146] , By, [-0.35615891], [0.9320797]  , [-0.06616844], Bz, [0.55799265] , [0.77639751] , [-0.29300359]
Time, 01/02/2024 15:08:27, X, 408471131.50939333 , Y, 277670833.2732364  , Z, 1557893237.6956522   , Lat,  1.2637817681910375 , Lon, 0.5970267534274353    , Alt, 1627942647.0656602 , Bx, [-0.91667077], [-0.24376343], [-0.31669242], By, [0.85591455] , [0.51539054] , [-0.04222416], Bz, [0.95856804] , [0.27194853] , [-0.08480153]
Time, 01/02/2024 15:08:28, X, 428099870.08504325 , Y, 298644196.2567387  , Z, 1604763672.047539    , Lat,  1.2563239175225003 , Lon, 0.609116122724255     , Alt, 1681149162.2049336 , Bx, [-0.79480698], [0.59830091] , [0.101577]   , By, [0.47883993] , [0.85136021] , [0.21423845] , Bz, [0.5178018]  , [-0.21677922], [0.82757964]
Time, 01/02/2024 15:08:29, X, 453436149.8474271  , Y, 318957640.4286618  , Z, 1654334937.8214414   , Lat,  1.2474493419178128 , Lon, 0.6130199172576991    , Alt, 1738381820.565982  , Bx, [-0.64366295], [0.65793256] , [0.39092551] , By, [0.44092939] , [0.84971471] , [0.28907816] , Bz, [0.83881348] , [-0.23049011], [0.49322028]
Time, 01/02/2024 15:08:30, X, 468381255.83052695 , Y, 346971689.69118917 , Z, 1706228793.2668164   , Lat,  1.2415978199009956 , Lon, 0.6375799690535897    , Alt, 1796678375.1512399 , Bx, [-0.38209924], [0.9090375]  , [0.16628589] , By, [0.08197291] , [0.93529581] , [-0.34424147], Bz, [-0.75208628], [0.56085072] , [0.34613971]
Time, 01/02/2024 15:08:31, X, 476156518.3547557  , Y, 374814218.1257271  , Z, 1758152658.2254343   , Lat,  1.2388793977749768 , Lon, 0.6668661895361186    , Alt, 1853282596.1587265 , Bx, [-0.1175621] , [-0.81889441], [0.56177495] , By, [0.18248017] , [0.10206155] , [-0.97789796], Bz, [-0.96509987], [0.25871065] , [0.04063291]
Time, 01/02/2024 15:08:32, X, 486631917.48541456 , Y, 405944502.20294744 , Z, 1801695038.029248    , Lat,  1.2325760902310194 , Lon, 0.6952448765554532    , Alt, 1903526005.6114397 , Bx, [-0.73257127], [-0.62862123], [-0.26110283], By, [0.36327919] , [0.21556219] , [-0.90640011], Bz, [-0.09408474], [0.39053215] , [-0.91576891]
Time, 01/02/2024 15:08:33, X, 492298641.1344541  , Y, 444144626.67879665 , Z, 1849221551.1086087   , Lat,  1.2265240763310528 , Lon, 0.7340211717361953    , Alt, 1958124545.0585797 , Bx, [-0.64326718], [0.74642731] , [-0.17045119], By, [0.5125521]  , [-0.69019319], [-0.51080691], Bz, [-0.52635662], [0.84508786] , [0.09367616]
Time, 01/02/2024 15:08:34, X, 498393604.3486089  , Y, 469854022.52370065 , Z, 1898194674.5415204   , Lat,  1.2244939410662967 , Lon, 0.7559311962414499    , Alt, 2011623551.478048  , Bx, [0.43994216] , [0.38241582] , [-0.81253248], By, [0.79279739] , [-0.2576358] , [0.55235503] , Bz, [-0.09924535], [-0.98365423], [0.15024885]
Time, 01/02/2024 15:08:35, X, 497971607.9387524  , Y, 505461009.1629622  , Z, 1944671846.8100073   , Lat,  1.2209355784921472 , Lon, 0.7928618057267539    , Alt, 2063705120.7918396 , Bx, [-0.49869089], [-0.61784447], [-0.6079273] , By, [-0.86771682], [-0.3511837] , [-0.35176346], Bz, [-0.77099967], [0.57774902] , [-0.26789096]
Time, 01/02/2024 15:08:36, X, 494222367.8779693  , Y, 532552056.7531196  , Z, 1987453150.9466796   , Lat,  1.2203222951082424 , Lon, 0.822711031865048     , Alt, 2109719137.3218415 , Bx, [0.95954779] , [-0.22464825], [-0.16970918], By, [0.25458588] , [-0.49286809], [-0.83202589], Bz, [-0.58107634], [-0.66098004], [-0.47482173]
Time, 01/02/2024 15:08:37, X, 486402609.05077124 , Y, 558743864.8213894  , Z, 2039388387.078215    , Lat,  1.2223707110195787 , Lon, 0.854504323902907     , Alt, 2163395622.915106  , Bx, [0.39415146] , [0.82567259] , [-0.40362037], By, [0.49548587] , [0.54604987] , [0.67551705] , Bz, [-0.55521977], [-0.31280495], [0.77063874]
Time, 01/02/2024 15:08:38, X, 480792190.5702199  , Y, 586462322.1921875  , Z, 2100503218.4921935   , Lat,  1.2243257370960374 , Lon, 0.8840876933793159    , Alt, 2226835877.2866583 , Bx, [-0.71445546], [0.35407956] , [-0.60347415], By, [-0.56137717], [0.76511954] , [-0.31535339], Bz, [0.00943345] , [0.03826471] , [0.99922311]
Time, 01/02/2024 15:08:39, X, 464916402.6485412  , Y, 611787197.2687838  , Z, 2159613856.4237976   , Lat,  1.2289620491603561 , Lon, 0.9209692576017761    , Alt, 2285868700.6097164 , Bx, [0.67258183] , [-0.68299602], [-0.28486861], By, [-0.05200352], [-0.28123842], [0.95822784] , Bz, [-0.97129148], [-0.1940604] , [0.13759877]
Time, 01/02/2024 15:08:40, X, 445059232.60770404 , Y, 635261520.4077871  , Z, 2211055319.3884335   , Lat,  1.233403722291179  , Lon, 0.9596730587330953    , Alt, 2336789375.4835176 , Bx, [0.86879481] , [0.42431385] , [-0.25525152], By, [-0.51273557], [-0.67519608], [0.53029472] , Bz, [-0.70629758], [-0.30597519], [-0.63837521]
Time, 01/02/2024 15:08:41, X, 418980497.7589274  , Y, 663592982.0533345  , Z, 2259840620.8495975   , Lat,  1.2365484166212646 , Lon, 1.0076210452645664    , Alt, 2385862252.6270614 , Bx, [0.78772194] , [-0.0799315] , [-0.6108233] , By, [0.02226129] , [0.5218205]  , [-0.8527648] , Bz, [-0.84835319], [0.32273728] , [-0.4196874]
Time, 01/02/2024 15:08:42, X, 391536405.85982835 , Y, 699809719.0733271  , Z, 2312004192.1959186   , Lat,  1.2369399141006587 , Lon, 1.0606964810137338    , Alt, 2440749304.5119424 , Bx, [0.79581795] , [-0.60242212], [-0.06133007], By, [0.33649781] , [-0.76363845], [-0.55102226], Bz, [-0.43311089], [0.89393231] , [0.1153256]
Time, 01/02/2024 15:08:43, X, 370579814.46138316 , Y, 724625178.234668   , Z, 2370566998.4701667   , Lat,  1.2400760586402593 , Lon, 1.098063256963188     , Alt, 2500020617.8549814 , Bx, [0.81570201] , [-0.45038506], [0.36302]    , By, [0.33935441] , [0.49565891] , [-0.79947534], Bz, [0.41297586] , [-0.72773898], [0.54758279]
Time, 01/02/2024 15:08:44, X, 342332003.942698   , Y, 745086219.4676269  , Z, 2432111835.8711324   , Lat,  1.2456221872900732 , Lon, 1.1401092540681355    , Alt, 2560244019.3491106 , Bx, [0.95374452] , [-0.10294144], [0.28244371] , By, [-0.5583349] , [-0.70301306], [-0.44049379], Bz, [-0.6066734] , [-0.69369179], [0.38825131]
Time, 01/02/2024 15:08:45, X, 324785022.15180844 , Y, 767041117.9573406  , Z, 2483967829.4006934   , Lat,  1.2472425807930572 , Lon, 1.1702597705558084    , Alt, 2613539984.12694   , Bx, [-0.14404235], [-0.94837888], [0.28254079] , By, [-0.34807001], [-0.26504785], [0.89922017] , Bz, [0.73399478] , [-0.09499913], [-0.67247812]
Time, 01/02/2024 15:08:46, X, 300669126.83888716 , Y, 787674240.316127   , Z, 2527351399.3311667   , Lat,  1.2488113166300012 , Lon, 1.2061492927434094    , Alt, 2657899580.9269547 , Bx, [0.11012809] , [0.90219063] , [0.41704182] , By, [0.37219154] , [0.18672619] , [-0.90917918], Bz, [-0.27465786], [-0.1327586] , [-0.95233304]
Time, 01/02/2024 15:08:47, X, 273592187.4504842  , Y, 800486872.4721366  , Z, 2573594669.618776    , Lat,  1.253218138059665  , Lon, 1.2414611367698938    , Alt, 2702691834.547095  , Bx, [0.98568489] , [-0.1212661] , [0.11713166] , By, [0.26510096] , [-0.94907694], [-0.17021884], Bz, [-0.1560183] , [-0.9784794] , [-0.13504208]
Time, 01/02/2024 15:08:48, X, 252596958.18713042 , Y, 820802501.2781368  , Z, 2629458835.441941    , Lat,  1.2551146175622077 , Lon, 1.2722502708370313    , Alt, 2759777176.91922   , Bx, [0.36376105] , [0.82937822] , [0.4240397]  , By, [0.34605901] , [-0.74977678], [-0.56398399], Bz, [0.39776714] , [0.42383836] , [0.8137213]
Time, 01/02/2024 15:08:49, X, 240533983.88370803 , Y, 831728448.0550659  , Z, 2682383596.6623406   , Lat,  1.2585765901194952 , Lon, 1.2892790914900734    , Alt, 2812283034.8808775 , Bx, [-0.10000573], [-0.99472076], [0.02301011] , By, [0.54881995] , [0.09866759] , [-0.83009721], Bz, [0.82171292] , [-0.56527242], [-0.07249116]
Time, 01/02/2024 15:08:50, X, 226140094.41211027 , Y, 835469531.7587922  , Z, 2742713364.337388    , Lat,  1.2651118344307826 , Lon, 1.3064561559427292    , Alt, 2869672337.592966  , Bx, [-0.02164635], [0.22481068] , [0.974162]   , By, [0.94131888] , [-0.29290252], [0.16771072] , Bz, [0.16654139] , [-0.76457876], [0.62264218]
Time, 01/02/2024 15:08:51, X, 215479644.33936036 , Y, 846039534.9589041  , Z, 2813532188.74101     , Lat,  1.269913786886578  , Lon, 1.3214064033267012    , Alt, 2939503700.139141  , Bx, [0.71287616] , [0.3556277]  , [0.60443074] , By, [-0.22752712], [-0.66156886], [-0.71453345], Bz, [0.32719413] , [0.21075366] , [0.9211552]
Time, 01/02/2024 15:08:52, X, 193148765.4873858  , Y, 852089930.7206444  , Z, 2883957591.3693814   , Lat,  1.2766315273286706 , Lon, 1.3478867391049894    , Alt, 3007028257.393865  , Bx, [0.40272514] , [-0.91430476], [0.04311924] , By, [0.28175203] , [-0.48211484], [0.8295668]  , Bz, [-0.90528968], [-0.25372518], [0.34069654]
Time, 01/02/2024 15:08:53, X, 177679488.11056215 , Y, 854309056.7208022  , Z, 2944939671.7692394   , Lat,  1.2827359916975998 , Lon, 1.365739271156602     , Alt, 3065124341.889799  , Bx, [0.5916318]  , [-0.66570846], [0.45475715] , By, [0.41259472] , [0.89605447] , [-0.16386577], Bz, [0.30533726] , [-0.45602542], [-0.83594855]
Time, 01/02/2024 15:08:54, X, 159876716.02473465 , Y, 868985759.048655   , Z, 3018648695.1925063   , Lat,  1.2860464950601225 , Lon, 1.3888501889024787    , Alt, 3138932921.522313  , Bx, [-0.67965991], [0.11937467] , [0.72374864] , By, [0.15690449] , [-0.17234318], [-0.97246018], Bz, [-0.01484658], [0.81718593] , [0.5761829]
Time, 01/02/2024 15:08:55, X, 152718078.0398371  , Y, 875419163.5094523  , Z, 3100114057.380139    , Lat,  1.2916340015728    , Lon, 1.3980830311043888    , Alt, 3218592362.8873553 , Bx, [0.13246178] , [0.04299381] , [0.99025522] , By, [-0.31238313], [-0.0850863] , [-0.94613799], Bz, [0.70087913] , [-0.33893621], [0.62760711]
Time, 01/02/2024 15:08:56, X, 137573296.8420689  , Y, 875983935.9866914  , Z, 3188707606.404018    , Lat,  1.2995673924509077 , Lon, 1.4150187241428145    , Alt, 3303331474.1280856 , Bx, [-0.46628216], [-0.48618944], [0.73905397] , By, [-0.32930704], [-0.77582075], [-0.5381998] , Bz, [-0.34859463], [-0.60373881], [0.71692485]
Time, 01/02/2024 15:09:01, X, 111746452.69263566 , Y, 885545841.8381717  , Z, 3277428036.195333    , Lat,  1.3049065215885025 , Lon, 1.4452704535205454    , Alt, 3390423553.711699  , Bx, [-0.02991971], [-0.49392806], [0.86898785] , By, [-0.55533536], [-0.12909871], [-0.82154499], Bz, [-0.8786098] , [0.46341884] , [0.11527275]
Time, 01/02/2024 15:09:01, X, 97454754.7371221   , Y, 891531872.5984071  , Z, 3376109911.957579    , Lat,  1.311149176444525  , Lon, 1.4619170437056872    , Alt, 3486828771.9423246 , Bx, [0.07239753] , [0.83519547] , [-0.54516706], By, [-0.3441729] , [0.13183094] , [-0.92960509], Bz, [0.60180563] , [-0.07738573], [0.79488454]
Time, 01/02/2024 15:09:01, X, 75929089.56297863  , Y, 890372659.0024164  , Z, 3461804740.7825055   , Lat,  1.31817830824204   , Lon, 1.4857242756052627    , Alt, 3568908116.6348295 , Bx, [-0.47162913], [-0.78196631], [-0.40754712], By, [-0.39962772], [0.23113595] , [0.8870591]  , Bz, [-0.3649931] , [-0.56648374], [-0.73883436]
Time, 01/02/2024 15:09:01, X, 61274703.212068    , Y, 882266028.9228761  , Z, 3557495715.4859605   , Lat,  1.3271363147893933 , Lon, 1.501456166787187     , Alt, 3659406366.500322  , Bx, [-0.40048187], [0.91422791] , [0.06165704] , By, [-0.71728628], [-0.40525724], [0.56680416] , Bz, [0.32081047] , [-0.78374102], [0.53181825]
Time, 01/02/2024 15:09:01, X, 51059058.56862962  , Y, 890028021.7239243  , Z, 3655530713.035975    , Lat,  1.331590924335613  , Lon, 1.513491214431335     , Alt, 3756295833.625457  , Bx, [-0.41620554], [0.38900874] , [-0.8218547] , By, [-0.40068202], [-0.51665177], [0.75665373] , Bz, [0.42327459] , [0.79649011] , [0.43178945]
Time, 01/02/2024 15:09:02, X, 27089798.904412925 , Y, 887653354.6398816  , Z, 3759144810.490822    , Lat,  1.3388080098566153 , Lon, 1.5402873525403338    , Alt, 3856248841.6940017 , Bx, [0.12593696] , [0.64208588] , [-0.75621796], By, [-0.62714014], [-0.21029299], [-0.7499814] , Bz, [-0.87056832], [-0.38385414], [0.30784215]
Time, 01/02/2024 15:09:03, X, -4690097.19875025  , Y, 889600785.4853625  , Z, 3854757413.371825    , Lat,  1.3439842410482215 , Lon, -1.565524238661009    , Alt, 3949708659.2703934 , Bx, [0.62556336] , [0.06091047] , [-0.777792]  , By, [0.54566446] , [-0.73702393], [-0.39880574], Bz, [-0.91305016], [0.16985697] , [-0.37079375]
Time, 01/02/2024 15:09:04, X, -37406108.17873655 , Y, 896170375.5349469  , Z, 3938091795.511653    , Lat,  1.3468538001081967 , Lon, -1.5290805899088884   , Alt, 4032575341.4103093 , Bx, [0.63643394] , [-0.53526284], [-0.55537873], By, [0.36319003] , [-0.32187426], [0.87435117] , Bz, [-0.28381445], [0.34156878] , [-0.89597998]
Time, 01/02/2024 15:09:05, X, -82657334.73323703 , Y, 910849041.6359497  , Z, 4023456278.2092934   , Lat,  1.3472795616978859 , Lon, -1.4802966415413215   , Alt, 4119726264.2796617 , Bx, [-0.70964522], [0.23545809] , [0.66405056] , By, [0.70065376] , [-0.34504687], [0.62452139] , Bz, [-0.77824991], [0.59481342] , [-0.20130592]
Time, 01/02/2024 15:09:06, X, -137786971.20080772, Y, 918680140.3684146  , Z, 4115615033.5674386   , Lat,  1.3488015519627148 , Lon, -1.4219224007785387   , Alt, 4212781231.700858  , Bx, [-0.76179675], [0.48087463] , [-0.43407983], By, [0.27998644] , [-0.92604666], [-0.25307147], Bz, [-0.90035692], [-0.29768158], [0.31740054]
Time, 01/02/2024 15:09:07, X, -183339528.1583417 , Y, 933770387.4722024  , Z, 4216593561.8952966   , Lat,  1.3488351754221253 , Lon, -1.376919316521457    , Alt, 4316267289.901455  , Bx, [0.50104847] , [0.52271197] , [-0.68972649], By, [-0.88374164], [-0.45955793], [-0.08835847], Bz, [0.35645685] , [0.4371066]  , [0.82575804]
Time, 01/02/2024 15:09:08, X, -233855779.73448086, Y, 952947301.0735687  , Z, 4300908130.376856    , Lat,  1.346492318388195  , Lon, -1.3301492529707435   , Alt, 4405046893.40801   , Bx, [0.56778661] , [0.71891797] , [-0.40096797], By, [-0.56001018], [-0.58010808], [-0.59149237], Bz, [-0.28466765], [0.30364731] , [-0.90926489]
Time, 01/02/2024 15:09:09, X, -272285197.1250248 , Y, 961442827.3052506  , Z, 4394148668.257979    , Lat,  1.3471930629392153 , Lon, -1.2948183186633182   , Alt, 4499963880.75437   , Bx, [-0.53769768], [0.05869486] , [-0.84109222], By, [-0.24132206], [-0.11135935], [-0.96403462], Bz, [0.76786623] , [-0.58641727], [0.25786863]
Time, 01/02/2024 15:09:10, X, -312905549.12112314, Y, 962011394.0310665  , Z, 4494374746.905396    , Lat,  1.3494001248975698 , Lon, -1.2563276648005601   , Alt, 4600447877.548512  , Bx, [0.34560312] , [0.74243969] , [-0.57388308], By, [-0.81891418], [-0.3260834] , [-0.47228082], Bz, [0.09197824] , [-0.83083037], [0.54887239]
Time, 01/02/2024 15:09:11, X, -345128965.07334477, Y, 960260140.1746871  , Z, 4602398036.08283     , Lat,  1.3526153345904879 , Lon, -1.2257614303246331   , Alt, 4707786530.448044  , Bx, [-0.85875487], [0.45315442] , [-0.23914669], By, [-0.60965422], [-0.76098856], [0.22185161] , Bz, [0.6147079]  , [-0.39774541], [0.68112612]
Time, 01/02/2024 15:09:12, X, -370931055.1868932 , Y, 952146731.6968445  , Z, 4717541745.570378    , Lat,  1.3574856096556496 , Lon, -1.1993105725225117   , Alt, 4820571445.024827  , Bx, [-0.74141824], [0.48897876] , [-0.45956367], By, [-0.91370727], [-0.39953043], [-0.07425948], Bz, [0.43995482] , [-0.63045854], [0.63950121]
Time, 01/02/2024 15:09:13, X, -398478318.7023803 , Y, 955099222.7498996  , Z, 4842584688.37515     , Lat,  1.3602569966040312 , Lon, -1.1755411143273413   , Alt, 4945560538.284711  , Bx, [-0.78455148], [-0.26702975], [0.55961959] , By, [0.48048463] , [-0.79507923], [-0.37011287], Bz, [0.13530013] , [0.53685736] , [0.8327533]
Time, 01/02/2024 15:09:14, X, -435992178.4248966 , Y, 962643855.3336583  , Z, 4973711688.608284    , Lat,  1.3614377159071793 , Lon, -1.1455240881684396   , Alt, 5078368947.456311  , Bx, [0.74657979] , [-0.06790927], [0.66182093] , By, [0.13353942] , [0.82234217] , [0.55310087] , Bz, [-0.67410448], [0.50956143] , [0.53472452]
