Time, 01/02/2024 15:05:52, X, -297369.7369101366 , Y, -3483106.470537965 , Z, 5326272.763806465  , Lat, 13.55635667          , Lon, 80.02544433        , Alt, 0                  , Bx, [0.07111624] , [0.83298807] , [0.54870152] , By, [0.99637537] , [-0.08506541], [0.]         , Bz, [0.04667552] , [0.54671268] , [-0.83601833]
Time, 01/02/2024 15:05:53, X, -297482.0032500565 , Y, -3482843.8601207836, Z, 5326030.479598612  , Lat, 0.9899982715695806   , Lon, -1.6560030548404887, Alt, -340.8845040118322 , Bx, [0.48036818] , [0.6074823]  , [0.63262285] , By, [0.469571]   , [-0.75226869], [0.46216328] , Bz, [-0.31845032], [0.67674691] , [-0.66377934]
Time, 01/02/2024 15:05:54, X, -298905.68359280395, Y, -3481638.3034345466, Z, 5325838.818254484  , Lat, 0.9901234674836344   , Lon, -1.6564383492758665, Alt, -1093.4856425886974, Bx, [0.39208901] , [0.83991902] , [-0.37523625], By, [-0.7216252] , [0.18015653] , [0.66843152] , Bz, [-0.84040336], [0.53338291] , [0.09604618]
Time, 01/02/2024 15:05:55, X, -302605.6936164651 , Y, -3480635.5537193753, Z, 5328043.8065664675 , Lat, 0.9904026269047834   , Lon, -1.6575180505799931, Alt, 376.99938684981316 , Bx, [0.45937447] , [0.69559559] , [-0.55237838], By, [-0.35671385], [-0.35123501], [0.86567268] , Bz, [-0.64810974], [-0.13105795], [0.75018503]
Time, 01/02/2024 15:05:56, X, -310828.8558786708 , Y, -3481069.361111697 , Z, 5325890.825175097  , Lat, 0.9900658154384782   , Lon, -1.6598513504275516, Alt, -790.3051624968648 , Bx, [0.74986647] , [-0.13142101], [-0.64840481], By, [-0.25661194], [-0.7565101] , [-0.60153369], Bz, [-0.72097882], [-0.31384037], [-0.61781369]
Time, 01/02/2024 15:05:57, X, -325441.72840340954, Y, -3487972.375548292 , Z, 5323233.697880875  , Lat, 0.9887608260722133   , Lon, -1.6638309623164824, Alt, 1494.0653898371384 , Bx, [0.48330083] , [0.70702896] , [-0.51626579], By, [0.51335786] , [0.26375673] , [0.81663707] , Bz, [-0.63853595], [-0.75754289], [-0.13564882]
Time, 01/02/2024 15:05:58, X, -347144.39397552615, Y, -3502935.2018044344, Z, 5312467.692110738  , Lat, 0.9856074277202632   , Lon, -1.6695748048220755, Alt, 1862.562305082567  , Bx, [0.29541356] , [0.95514771] , [-0.02058349], By, [0.84973128] , [0.44802795] , [0.27789875] , Bz, [-0.44487452], [-0.68943176], [-0.57163845]
Time, 01/02/2024 15:05:59, X, -370603.07573916187, Y, -3535067.054066964 , Z, 5305137.285024573  , Lat, 0.9804898009218892   , Lon, -1.675250989992156 , Alt, 14806.709371565841 , Bx, [0.78729844] , [0.48661465] , [-0.37863882], By, [0.36274099] , [-0.55844056], [-0.74603158], Bz, [-0.04299199], [-0.99465092], [0.09392142]
Time, 01/02/2024 15:06:00, X, -376454.514174478  , Y, -3549581.3323284374, Z, 5299471.282920946  , Lat, 0.978039666852355    , Lon, -1.6764573864944081, Alt, 18494.62121697422  , Bx, [0.82243518] , [0.44058804] , [0.35983684] , By, [0.55461177] , [0.05598064] , [0.83022404] , Bz, [0.79512059] , [0.59248824] , [0.12938677]
Time, 01/02/2024 15:06:01, X, -393371.68920439895, Y, -3583772.3438029434, Z, 5319793.14815922   , Lat, 0.9751846983972599   , Lon, -1.6801233587940763, Alt, 55380.3682381073   , Bx, [-0.17030169], [-0.30447787], [0.93717157] , By, [0.60760614] , [0.40635226] , [0.68241675] , Bz, [-0.08280596], [-0.38869266], [0.91763892]
Time, 01/02/2024 15:06:02, X, -388842.5665825703 , Y, -3603295.3140013153, Z, 5304686.750721679  , Lat, 0.9714279032961267   , Lon, -1.678293383175407 , Alt, 53534.00526236463  , Bx, [0.96864145] , [-0.10293809], [0.22613599] , By, [0.13079266] , [-0.98977571], [-0.05689752], Bz, [0.60507885] , [0.38496125] , [-0.69691062]
Time, 01/02/2024 15:06:03, X, -389366.15818638337, Y, -3673594.306476856 , Z, 5310037.190702456  , Lat, 0.962964847743391    , Lon, -1.6763925985439148, Alt, 97647.16152946651  , Bx, [0.67515292] , [0.59331855] , [0.43833964] , By, [-0.85778344], [-0.28967018], [-0.424616]  , Bz, [-0.05380188], [-0.98117061], [0.18549825]
Time, 01/02/2024 15:06:04, X, -406241.6027991476 , Y, -3786437.137388302 , Z, 5301191.086487803  , Lat, 0.9478537374115492   , Lon, -1.6776761025333702, Alt, 156232.59664429817 , Bx, [-0.49507898], [0.2293384]  , [0.83803383] , By, [0.21411633] , [0.00445642] , [-0.976798]  , Bz, [-0.2478678] , [-0.94372869], [-0.21894685]
Time, 01/02/2024 15:06:05, X, -416459.2240103497 , Y, -3826098.610420965 , Z, 5285702.4482901925 , Lat, 0.9414372776483482   , Lon, -1.6792164618413015, Alt, 167434.0046978742  , Bx, [-0.6078861] , [-0.03110812], [-0.79341463], By, [-0.53548725], [-0.53947476], [-0.64978488], Bz, [0.04339549] , [0.98828865] , [-0.14629553]
Time, 01/02/2024 15:06:06, X, -476370.9084313716 , Y, -3905131.4354868364, Z, 5227986.496278233  , Lat, 0.9256947474174373   , Lon, -1.692182483262175 , Alt, 171845.2202459108  , Bx, [0.29404801] , [-0.94940339], [0.11031303] , By, [0.43389578] , [-0.66714115], [0.60552221] , Bz, [-0.72736746], [-0.09948012], [-0.67899947]
Time, 01/02/2024 15:06:07, X, -480019.9962560184 , Y, -4009990.909901917 , Z, 5113997.362313376  , Lat, 0.9023559854424609   , Lon, -1.6899354222403353, Alt, 145395.8839261597  , Bx, [0.16045382] , [-0.75517281], [-0.63558524], By, [0.158423]   , [-0.8851093] , [-0.43758849], Bz, [0.52073278] , [-0.27914634], [-0.80679284]
Time, 01/02/2024 15:06:08, X, -458686.83289162134, Y, -4036978.9760606866, Z, 4986453.957766874  , Lat, 0.8870970002565933   , Lon, -1.6839324449710595, Alt, 61131.523589443415 , Bx, [-0.55685424], [0.0217031]  , [0.83032664] , By, [-0.12348302], [-0.26602966], [0.9560231]  , Bz, [0.44846087] , [0.80884011] , [-0.38034264]
Time, 01/02/2024 15:06:09, X, -506599.9235193072 , Y, -4135435.306556791 , Z, 4778225.9129702365 , Lat, 0.8536992898124214   , Lon, -1.6926911978216435, Alt, -31448.633175493218, Bx, [-0.3327188] , [0.66044487] , [0.67313503] , By, [0.08883995] , [-0.88852987], [0.45013569] , Bz, [-0.4915063] , [-0.46969281], [-0.73335545]
Time, 01/02/2024 15:06:10, X, -565204.7860115416 , Y, -4114051.2015910656, Z, 4612532.009432348  , Lat, 0.8378116495481454   , Lon, -1.7073256341453842, Alt, -164525.53558131028, Bx, [-0.32190143], [0.59426721] , [0.73703864] , By, [-0.7574435] , [-0.17451774], [0.62914458] , Bz, [-0.22244008], [0.95687203] , [0.18685914]
Time, 01/02/2024 15:06:11, X, -632992.5665055893 , Y, -4212488.197713705 , Z, 4547665.910567125  , Lat, 0.8180730329657089   , Lon, -1.7199461358491117, Alt, -139868.35002959426, Bx, [0.99585912] , [-0.08661158], [0.02762336] , By, [0.68433273] , [0.54191569] , [-0.48786893], Bz, [-0.00213396], [-0.55512111], [0.83176679]
Time, 01/02/2024 15:06:12, X, -808841.6307865456 , Y, -4385545.272167058 , Z, 4406670.424848259  , Lat, 0.7794385228883203   , Lon, -1.7531803212142023, Alt, -101552.14941916801, Bx, [-0.56008297], [-0.20674006], [0.80222542] , By, [-0.51469269], [0.85666429] , [-0.03489606], Bz, [-0.74140406], [-0.63958568], [-0.20310137]
Time, 01/02/2024 15:06:13, X, -925925.6331718389 , Y, -4643650.232867222 , Z, 4153471.235435881  , Lat, 0.7200595719201469   , Lon, -1.7676111227798863, Alt, -72416.90005079377 , Bx, [0.6650394]  , [0.72946352] , [0.16001742] , By, [-0.78432979], [0.59505199] , [-0.17532803], Bz, [0.16012062] , [-0.67761552], [-0.71777336]
Time, 01/02/2024 15:06:14, X, -1138399.9821065818, Y, -4880581.8135473095, Z, 4121287.182731457  , Lat, 0.6882219389501412   , Lon, -1.7999500586046349, Alt, 117531.52882342134 , Bx, [-0.66843645], [-0.42472966], [-0.6105714] , By, [0.67839263] , [0.46455498] , [-0.56918548], Bz, [-0.36994646], [0.00069459] , [0.92905282]
Time, 01/02/2024 15:06:15, X, -1169287.4548596588, Y, -5196676.118094194 , Z, 4081436.4631012664 , Lat, 0.6538118068088398   , Lon, -1.7921172398027467, Alt, 339499.19385996927 , Bx, [-0.84538471], [-0.35984194], [-0.39476381], By, [0.8135941]  , [0.25797717] , [-0.52106854], Bz, [0.89294798] , [-0.33451659], [0.30123507]
Time, 01/02/2024 15:06:16, X, -1094035.1988495553, Y, -5393288.667429503 , Z, 3894515.6502762074 , Lat, 0.6158688107540093   , Lon, -1.7709319373641303, Alt, 370789.6597855678  , Bx, [-0.95646101], [0.27073681] , [-0.10901336], By, [0.74974936] , [-0.63748153], [-0.17746323], Bz, [0.67357356] , [0.49079138] , [-0.55265041]
Time, 01/02/2024 15:06:17, X, -1057180.59946221  , Y, -5467289.006132728 , Z, 3903672.2523564626 , Lat, 0.6114100916225552   , Lon, -1.761803708403833 , Alt, 429554.1649395637  , Bx, [-0.28026117], [-0.93926467], [0.19807969] , By, [0.48938813] , [-0.04238082], [0.87103566] , Bz, [0.11448625] , [0.66828951] , [0.7350388]
Time, 01/02/2024 15:06:18, X, -826945.5145219893 , Y, -5467707.349289493 , Z, 4024933.925132281  , Lat, 0.629174325074893    , Lon, -1.72090045776239  , Alt, 468572.7675888594  , Bx, [0.99077492] , [0.13340744] , [-0.02382268], By, [-0.07680324], [-0.63030039], [-0.772543]  , Bz, [0.67835833] , [0.45926187] , [0.57350546]
Time, 01/02/2024 15:06:19, X, -523776.56377811905, Y, -5413125.642035418 , Z, 3851303.74463654   , Lat, 0.6161865780325119   , Lon, -1.6672565025375912, Alt, 292993.67036584206 , Bx, [0.85940997] , [-0.51036328], [-0.03072196], By, [-0.01848739], [0.74416441] , [0.66774063] , Bz, [0.47837391] , [0.38872504] , [-0.78743333]
Time, 01/02/2024 15:06:20, X, -167204.99691793002, Y, -5252672.833155768 , Z, 4011606.7748590587 , Lat, 0.651984252316732    , Lon, -1.6026179460534378, Alt, 240468.69608123135 , Bx, [-0.41534443], [-0.75746875], [0.50371628] , By, [-0.12166177], [0.52645916] , [-0.84145063], Bz, [0.30621675] , [0.52031859] , [0.79718245]
Time, 01/02/2024 15:06:21, X, 447666.59054269764 , Y, -5070904.696133376 , Z, 3974782.929158506  , Lat, 0.6629261294634263   , Lon, 1.658849454671042  , Alt, 87589.56332460605  , Bx, [-0.00792358], [-0.99332302], [0.11509386] , By, [-0.36750299], [0.47176719] , [0.80148442] , Bz, [0.8964074]  , [0.19813514] , [-0.39647981]
Time, 01/02/2024 15:06:22, X, 1028383.8474357617 , Y, -5168645.712537347 , Z, 3772059.2141664997 , Lat, 0.6212291735745729   , Lon, 1.767197288101981  , Alt, 109810.33163105883 , Bx, [-0.24562218], [-0.16934087], [0.95445975] , By, [0.80699884] , [-0.55945364], [0.18911501] , Bz, [0.13997431] , [-0.79181399], [-0.59450635]
Time, 01/02/2024 15:06:23, X, 1509243.2996320224 , Y, -4991862.8346157875, Z, 3375856.2792493613 , Lat, 0.5744976619058512   , Lon, 1.864399165872677  , Alt, -158680.34344256762, Bx, [0.42795104] , [-0.69243184], [-0.58085803], By, [0.20418125] , [-0.34848783], [0.91480394] , Bz, [-0.33845561], [0.59386073] , [-0.72991591]
Time, 01/02/2024 15:06:24, X, 1665978.8199949928 , Y, -4812083.77524285  , Z, 3091013.5787622603 , Lat, 0.5455478753319829   , Lon, 1.9040884149228328 , Alt, -413987.2727414742 , Bx, [-0.78037132], [-0.0303182] , [-0.62458099], By, [-0.24954838], [0.51886943] , [-0.81761857], Bz, [-0.98139047], [0.18950028] , [0.03102225]
Time, 01/02/2024 15:06:25, X, 1554440.3951373058 , Y, -4546829.679104408 , Z, 2844110.065824701  , Lat, 0.5344288143719846   , Lon, 1.900213203345315  , Alt, -787192.4156231256 , Bx, [-0.75146559], [0.58811964] , [0.29902299] , By, [-0.40433764], [0.91191851] , [0.07011212] , Bz, [-0.95637318], [0.25798784] , [0.13708615]
Time, 01/02/2024 15:06:26, X, 1440351.8480686198 , Y, -3997977.7705528773, Z, 2833856.028507889  , Lat, 0.5881396292682672   , Lon, 1.916590997288806  , Alt, -1263243.1840992915, Bx, [-0.18017046], [0.8448451]  , [-0.50376121], By, [-0.71870938], [-0.67655695], [0.16039801] , Bz, [-0.34786914], [0.69976628] , [0.62395049]
Time, 01/02/2024 15:06:27, X, 1846632.6132530118 , Y, -3566557.3539878377, Z, 2764091.6230300576 , Lat, 0.6027791061677823   , Lon, 2.0485534045437572 , Alt, -1495491.2195628947, Bx, [0.16145352] , [-0.98661182], [-0.0230191] , By, [0.86683668] , [0.01084289] , [0.49847427] , Bz, [0.99646254] , [-0.06178632], [0.05696367]
Time, 01/02/2024 15:06:28, X, 1843424.1004737804 , Y, -3510491.0650852695, Z, 2638229.4026225256 , Lat, 0.5871030574746287   , Lon, 2.0543362860361185 , Alt, -1608436.1617808118, Bx, [-0.09634441], [0.31183433] , [-0.94523918], By, [-0.94327375], [-0.33181942], [-0.01142369], Bz, [-0.54048371], [-0.84062317], [-0.03507197]
Time, 01/02/2024 15:06:29, X, 2366673.398884111  , Y, -3525592.901387735 , Z, 2806223.2604760574 , Lat, 0.5839754982378782   , Lon, 2.161988599052698  , Alt, -1281222.2768633468, Bx, [0.41934914] , [-0.33268163], [-0.84467108], By, [0.95750035] , [0.27237494] , [-0.09489451], Bz, [0.75583073] , [-0.34246053], [0.55806872]
Time, 01/02/2024 15:06:30, X, 2302796.5039132107 , Y, -3159305.1441302355, Z, 2953860.9480434787 , Lat, 0.6470516037587989   , Lon, 2.2006517698888537 , Alt, -1471063.7521964647, Bx, [-0.68179277], [-0.56363523], [-0.46634101], By, [-0.70502391], [0.63372212] , [-0.31833562], Bz, [-0.81302817], [0.57316169] , [0.10232729]
Time, 01/02/2024 15:06:31, X, 2797581.8574133147 , Y, -3000111.767771017 , Z, 2664778.8187651476 , Lat, 0.5761045599607797   , Lon, 2.3212758482172866 , Alt, -1479356.0001789136, Bx, [-0.07924531], [0.99644783] , [0.02849405] , By, [-0.97758485], [0.05984783] , [0.20185664] , Bz, [0.68768894] , [-0.20092018], [-0.69764962]
Time, 01/02/2024 15:06:32, X, 3116708.3104218203 , Y, -2210914.346831505 , Z, 2329199.831108919  , Lat, 0.5474028247997613   , Lon, 2.524602545712732  , Alt, -1895825.724676677 , Bx, [0.51275061] , [-0.50154219], [0.69680861] , By, [0.37300895] , [-0.78177208], [0.49969665] , Bz, [-0.07423549], [0.95375257] , [-0.29128188]
Time, 01/02/2024 15:06:33, X, 3823185.518166716  , Y, -1126823.043183709 , Z, 2440879.0150441723 , Lat, 0.5494844846841305   , Lon, 2.8549739582848472 , Alt, -1697204.1076815827, Bx, [-0.64018702], [-0.74397527], [-0.19147162], By, [-0.38849895], [-0.86524264], [0.31689704] , Bz, [0.48122485] , [0.59674401] , [0.64212088]
Time, 01/02/2024 15:06:34, X, 4935361.802626209  , Y, -477199.09352789656, Z, 2807816.8770431383 , Lat, 0.5152542035161165   , Lon, 3.045202500056826  , Alt, -672811.6288864268 , Bx, [0.85415036] , [0.25598959] , [-0.45265495], By, [0.59321293] , [0.38656684] , [0.70616181] , Bz, [0.66432025] , [-0.46073998], [0.58855524]
Time, 01/02/2024 15:06:35, X, 6257031.879712978  , Y, 404911.6609072534  , Z, 3599315.534660429  , Lat, 0.5211144351233239   , Lon, 0.06462294866354545, Alt, 858763.0469422089  , Bx, [-0.79838766], [-0.05675723], [0.59946289] , By, [0.51299866] , [0.68678116] , [0.51494079] , Bz, [0.64308098] , [0.18516798] , [0.74307447]
Time, 01/02/2024 15:06:36, X, 7642086.343973386  , Y, 596763.7359860889  , Z, 4617992.558829838  , Lat, 0.5422191831613585   , Lon, 0.07793096338879776, Alt, 2577936.580328433  , Bx, [0.67155742] , [0.70929464] , [0.21427026] , By, [0.09407515] , [-0.15445323], [-0.98351109], Bz, [0.16278181] , [-0.87446912], [0.45695278]
Time, 01/02/2024 15:06:37, X, 8623257.61730907   , Y, 1661034.687137446  , Z, 5898051.764791505  , Lat, 0.591426719180906    , Lon, 0.190291990193402  , Alt, 4207592.665686343  , Bx, [-0.39078442], [0.80723352] , [0.44233651] , By, [-0.37069547], [-0.82237803], [0.4316008]  , Bz, [-0.48732174], [0.72940279] , [0.48009279]
Time, 01/02/2024 15:06:38, X, 9345174.326936297  , Y, 3260509.9730609315 , Z, 6940057.526322994  , Lat, 0.6115196905596703   , Lon, 0.3356924913807325 , Alt, 5717325.233626513  , Bx, [-0.97854463], [-0.20490639], [0.0215354]  , By, [-0.44964678], [-0.58097807], [0.67844105] , Bz, [-0.5917218] , [0.80239678] , [-0.07761901]
Time, 01/02/2024 15:06:40, X, 10559531.838163294 , Y, 4509750.317134066  , Z, 8822625.794110911  , Lat, 0.655156057586543    , Lon, 0.4036299416149605 , Alt, 8109341.37950436   , Bx, [0.59473284] , [0.3288664]  , [-0.73358009], By, [-0.77374208], [-0.51331007], [-0.37126266], Bz, [0.32426231] , [-0.22467384], [0.91889914]
Time, 01/02/2024 15:06:41, X, 10910761.073805775 , Y, 6178479.9051098935 , Z, 10156924.174168978 , Lat, 0.6808376757237768   , Lon, 0.5152517043034652 , Alt, 9765338.798728177  , Bx, [0.30118185] , [0.54413681] , [-0.78307383], By, [-0.66999285], [-0.63171593], [-0.38992893], Bz, [-0.90836079], [0.27494647] , [-0.31509541]
Time, 01/02/2024 15:06:42, X, 11963260.165366473 , Y, 6875630.713204537  , Z, 11354634.392953582 , Lat, 0.688548754622284    , Lon, 0.521630476759173  , Alt, 11498572.28604675  , Bx, [0.95863391] , [0.21545342] , [-0.18601303], By, [-0.94290183], [0.08291174] , [0.32258607] , Bz, [0.36951671] , [-0.89196905], [-0.26047767]
Time, 01/02/2024 15:06:43, X, 12759422.298643915 , Y, 8200386.6544250045 , Z, 13563269.966183532 , Lat, 0.7296235959907348   , Lon, 0.5712210638054648 , Alt, 13976272.31971842  , Bx, [-0.04023207], [-0.99903962], [-0.01735569], By, [0.20154999] , [-0.12856948], [0.97100334] , Bz, [-0.15000063], [0.3580079]  , [0.9215911]
Time, 01/02/2024 15:06:44, X, 13440520.75596922  , Y, 10194655.88586292  , Z, 16254816.701246478 , Lat, 0.7668446828922062   , Lon, 0.6489199375134407 , Alt, 17055431.072912503 , Bx, [0.04298897] , [0.93290205] , [-0.3575552] , By, [0.59782048] , [-0.64517393], [0.47577439] , Bz, [-0.14065525], [0.65168969] , [0.74532989]
Time, 01/02/2024 15:06:45, X, 13431424.75051154  , Y, 12330521.483717784 , Z, 19399666.002235018 , Lat, 0.8163876723351504   , Lon, 0.7426904485008536 , Alt, 20252147.294926513 , Bx, [-0.60088423], [0.2586091]  , [-0.75634613], By, [-0.25749162], [0.84970519] , [0.46010777] , Bz, [-0.67775216], [0.29547167] , [0.67331159]
Time, 01/02/2024 15:06:46, X, 13498183.016393576 , Y, 15544902.537555799 , Z, 22831303.915208887 , Lat, 0.8370305200484875   , Lon, 0.8557536834404922 , Alt, 24371696.33774496  , Bx, [0.7422927]  , [0.62159951] , [-0.25023107], By, [0.63669611] , [-0.20331855], [0.74382769] , Bz, [-0.17559398], [0.90021229] , [0.39847785]
Time, 01/02/2024 15:06:47, X, 12699079.826537088 , Y, 18839210.642216694 , Z, 26581020.602565635 , Lat, 0.8635614804965125   , Lon, 0.9776809783446693 , Alt, 28596601.32374811  , Bx, [-0.66754447], [0.73311311] , [0.13011361] , By, [-0.63696889], [0.21828254] , [-0.73933982], Bz, [-0.85941669], [0.3892493]  , [0.33149349]
Time, 01/02/2024 15:06:48, X, 11856351.774847327 , Y, 22603058.633653097 , Z, 31200679.1084679   , Lat, 0.885141537857085    , Lon, 1.0877050257362646 , Alt, 33939714.62818379  , Bx, [-0.96982066], [-0.21387924], [-0.11706215], By, [-0.17991215], [-0.83004134], [-0.52788539], Bz, [-0.18171062], [0.53537403] , [0.82483689]
Time, 01/02/2024 15:06:49, X, 10737819.271307163 , Y, 25147091.34956196  , Z, 35449695.72415039  , Lat, 0.913778440206058    , Lon, 1.1672325028318098 , Alt, 38399055.762544185 , Bx, [0.98436731] , [0.10525933] , [0.14121428] , By, [0.78411283] , [0.1327454]  , [0.60625549] , Bz, [-0.40447337], [-0.90647902], [-0.12123151]
Time, 01/02/2024 15:06:50, X, 10487557.880087668 , Y, 28739335.04726235  , Z, 39038892.49622203  , Lat, 0.9061002708468822   , Lon, 1.2208920764156534 , Alt, 43227118.6798307   , Bx, [0.6907508]  , [-0.7206163] , [0.05979527] , By, [0.22038634] , [-0.00696623], [-0.97538779], Bz, [0.59651221] , [0.47422343] , [-0.64752244]
Time, 01/02/2024 15:06:51, X, 8570680.72529621   , Y, 32365342.774870127 , Z, 42466958.20012483  , Lat, 0.9031691252713022   , Lon, 1.3119277243937641 , Alt, 47706856.09471729  , Bx, [0.56663832] , [-0.77046526], [-0.292069]  , By, [0.89111788] , [-0.37596097], [-0.25409108], Bz, [-0.92671197], [0.11674916] , [-0.3571758]
Time, 01/02/2024 15:06:52, X, 7937578.848130105  , Y, 35683727.67931086  , Z, 47069829.742252484 , Lat, 0.9104679839204173   , Lon, 1.351917445470116  , Alt, 53226839.31508033  , Bx, [-0.25896733], [0.92983343] , [0.26143012] , By, [-0.68625177], [0.6256108]  , [0.3710386]  , Bz, [0.61165407] , [-0.24250177], [0.75304196]
Time, 01/02/2024 15:06:53, X, 5728339.173622339  , Y, 39558684.526964456 , Z, 51830939.685729586 , Lat, 0.9138736385296465   , Lon, 1.4269898089439654 , Alt, 59082416.25841764  , Bx, [0.25066715] , [-0.88938418], [0.38231108] , By, [-0.81225289], [-0.5832491] , [-0.00810756], Bz, [-0.90761719], [0.30554195] , [0.28788046]
Time, 01/02/2024 15:06:54, X, 4313924.872929779  , Y, 43631553.579259366 , Z, 57867481.02675912  , Lat, 0.9224061858858932   , Lon, 1.4722449501308412 , Alt, 66230430.94961277  , Bx, [-0.60179977], [0.5325218]  , [0.59519541] , By, [0.09689137] , [-0.54889383], [0.83025757] , Bz, [0.34889825] , [0.07323384] , [0.93429482]
Time, 01/02/2024 15:06:55, X, 3690792.970925744  , Y, 47904092.726380974 , Z, 62334548.20004597  , Lat, 0.9141297435490999   , Lon, 1.4939027711856554 , Alt, 72331096.23635063  , Bx, [0.93573465] , [-0.26718579], [-0.23024425], By, [0.66111529] , [0.27483563] , [0.69813462] , Bz, [0.66140134] , [0.17260632] , [-0.7299009]
Time, 01/02/2024 15:06:56, X, 2250870.7664335063 , Y, 53351633.44918607  , Z, 66519391.0813539   , Lat, 0.8943748377826606   , Lon, 1.5286319810604803 , Alt, 78930187.56932755  , Bx, [-0.12161203], [0.84849109] , [0.51504697] , By, [-0.61393875], [0.3784411]  , [0.69272039] , Bz, [-0.37695165], [0.84457621] , [-0.38026107]
Time, 01/02/2024 15:06:57, X, 771967.4032487625  , Y, 57455137.94965305  , Z, 69848691.79087947  , Lat, 0.8824021836577878   , Lon, 1.55736113226947   , Alt, 84075274.4140554   , Bx, [0.07010202] , [0.44801999] , [0.89127089] , By, [0.63341475] , [-0.72182552], [-0.27884346], Bz, [-0.10904863], [-0.65545034], [-0.74732406]
Time, 01/02/2024 15:06:58, X, 498919.73575701535 , Y, 60867179.05502822  , Z, 74253993.43895052  , Lat, 0.8841321062793097   , Lon, 1.562599650522698  , Alt, 89643154.93900523  , Bx, [0.54731106] , [0.37691299] , [0.74725311] , By, [-0.2618097] , [-0.574889]  , [-0.77521502], Bz, [0.6572933]  , [-0.68787778], [0.30787933]
Time, 01/02/2024 15:06:59, X, -1482164.870478327 , Y, 64282971.441207305 , Z, 77710182.62439494  , Lat, 0.8795496721722165   , Lon, -1.5477435295827382, Alt, 94492123.655433    , Bx, [0.15729738] , [0.96652682] , [-0.20269051], By, [0.08272682] , [-0.94330227], [-0.32146089], Bz, [-0.78143331], [-0.36608062], [-0.50531868]
Time, 01/02/2024 15:07:00, X, -2226095.43140906  , Y, 66803250.308387004 , Z, 80155352.31207767  , Lat, 0.8757326805144735   , Lon, -1.5374854924708803, Alt, 97996189.56122199  , Bx, [0.16137052] , [-0.59369714], [-0.78834209], By, [-0.774164]  , [-0.47856392], [-0.41430264], Bz, [0.4264137]  , [-0.57191075], [-0.70077775]
Time, 01/02/2024 15:07:01, X, -1678449.4459332188, Y, 68871744.46205097  , Z, 82122331.96828982  , Lat, 0.8727834326482298   , Lon, -1.5464304960138229, Alt, 100821405.4478609  , Bx, [-0.45409282], [0.19722745] , [-0.86885042], By, [0.73466098] , [0.56778278] , [0.37134345] , Bz, [0.78685434] , [-0.44433489], [-0.42828351]
Time, 01/02/2024 15:07:02, X, -2392585.167030396 , Y, 72650624.79165286  , Z, 83666977.06438223  , Lat, 0.8554876748197382   , Lon, -1.5378754707951927, Alt, 104462211.61768651 , Bx, [-0.86823218], [-0.26581887], [-0.41894296], By, [0.8093771]  , [0.40917733] , [-0.42128687], Bz, [-0.45522655], [0.77130191] , [-0.44481699]
Time, 01/02/2024 15:07:03, X, -1324934.5095484243, Y, 76276278.46669167  , Z, 84420220.13898367  , Lat, 0.835958832746999    , Lon, -1.5534278695830501, Alt, 107412125.6228152  , Bx, [0.89844368] , [-0.43683698], [0.04441185] , By, [0.19897529] , [-0.32010669], [0.9262508]  , Bz, [0.83028751] , [0.11042389] , [-0.54628675]
Time, 01/02/2024 15:07:04, X, -651480.2257122718 , Y, 78904905.9599145   , Z, 87242624.40991497  , Lat, 0.8355217660879076   , Lon, -1.5625399907084372, Alt, 111262686.18281473 , Bx, [0.86877417] , [-0.46928836], [-0.1581135] , By, [0.92310226] , [0.32399386] , [0.20714777] , Bz, [0.06565784] , [-0.48256331], [0.87339665]
Time, 01/02/2024 15:07:05, X, 1090713.6155584077 , Y, 83629517.81178318  , Z, 88649201.2163312   , Lat, 0.814484463549176    , Lon, 1.557754857619491  , Alt, 115505030.38299246 , Bx, [0.55451484] , [-0.80669918], [0.2043275]  , By, [0.75436174] , [0.63915694] , [-0.14972231], Bz, [0.49476332] , [0.77646372] , [-0.39027344]
Time, 01/02/2024 15:07:06, X, 3739930.3222991866 , Y, 87708435.75832804  , Z, 88408598.79219408  , Lat, 0.7889195706414316   , Lon, 1.528181655826614  , Alt, 118219678.31257501 , Bx, [0.21420236] , [-0.59330284], [-0.77595689], By, [-0.40001612], [-0.9164843] , [0.00660576] , Bz, [0.55256709] , [-0.00885304], [-0.8334214]
Time, 01/02/2024 15:07:07, X, 6019294.449626503  , Y, 92505995.44451746  , Z, 86943475.64237186  , Lat, 0.7533562225633463   , Lon, 1.505818692695128  , Alt, 120722505.16697578 , Bx, [-0.95335777], [-0.01976247], [0.30119497] , By, [-0.96416505], [0.26270169] , [-0.03706182], Bz, [0.07783884] , [0.30638293] , [-0.94872051]
Time, 01/02/2024 15:07:08, X, 7119975.507886497  , Y, 96775339.03432819  , Z, 87827634.88443087  , Lat, 0.7356230132671044   , Lon, 1.4973564335386726 , Alt, 124510067.17869842 , Bx, [0.06591712] , [0.65564624] , [0.75218544] , By, [0.03077412] , [0.9395803]  , [-0.34094254], Bz, [-0.58011817], [-0.24849563], [0.77570151]
Time, 01/02/2024 15:07:09, X, 6308950.5806516    , Y, 102452620.35570966 , Z, 88310224.54072426  , Lat, 0.7104617985642107   , Lon, 1.5092947844834086 , Alt, 129035934.95391369 , Bx, [-0.71717764], [-0.28073982], [0.63784119] , By, [-0.73620442], [-0.58199992], [-0.34536814], Bz, [-0.83086069], [0.55639753] , [0.00960687]
Time, 01/02/2024 15:07:10, X, 4070002.0530593023 , Y, 109223351.11632748 , Z, 88857311.73071203  , Lat, 0.682601674880713    , Lon, 1.5335504467422783 , Alt, 134490375.80544    , Bx, [-0.97573441], [0.00979038] , [-0.21873844], By, [-0.59105119], [-0.78724134], [0.17581119] , Bz, [-0.84045029], [0.5399079]  , [0.04629019]
Time, 01/02/2024 15:07:11, X, 3391527.7371200775 , Y, 113638064.44130635 , Z, 88837292.2232763   , Lat, 0.6633014349361704   , Lon, 1.5409601858852677 , Alt, 137910588.0142783  , Bx, [-0.26809489], [0.49334591] , [0.82748712] , By, [0.28283636] , [0.17236809] , [0.9435533]  , Bz, [0.37201777] , [-0.88657257], [-0.27493974]
Time, 01/02/2024 15:07:12, X, 4550408.365256967  , Y, 119453851.17717241 , Z, 87750342.0676235   , Lat, 0.6332236602978921   , Lon, 1.5327212945826063 , Alt, 141919428.92356062 , Bx, [0.79398953] , [-0.24763394], [-0.55520992], By, [-0.06028892], [0.42362542] , [0.90382894] , Bz, [0.84737158] , [0.34946489] , [-0.39979458]
Time, 01/02/2024 15:07:13, X, 3705558.384739016  , Y, 124021812.3712075  , Z, 88940515.0650933   , Lat, 0.621923063953196    , Lon, 1.5409269333456355 , Alt, 146290574.49347165 , Bx, [0.99057058] , [-0.08160947], [-0.11004459], By, [0.37928755] , [0.34459286] , [0.85871806] , Bz, [-0.50331996], [-0.414215]  , [0.75835015]
Time, 01/02/2024 15:07:14, X, 2405181.7326383395 , Y, 130999052.32014465 , Z, 88337508.20098555  , Lat, 0.5932159380877565   , Lon, 1.5524380907467377 , Alt, 151648150.62137944 , Bx, [0.47649383] , [0.76046923] , [0.44118045] , By, [0.61321432] , [0.08729662] , [-0.78507802], Bz, [-0.33653583], [0.7714443]  , [-0.54001604]
Time, 01/02/2024 15:07:15, X, 1241137.6923234    , Y, 140135823.28753558 , Z, 88081665.44382687  , Lat, 0.5611267697699152   , Lon, 1.561939881577522  , Alt, 159152319.13843724 , Bx, [0.26775361] , [-0.29252522], [-0.91800708], By, [0.87085181] , [-0.34259634], [-0.35248387], Bz, [-0.09469018], [0.99449828] , [0.04479887]
Time, 01/02/2024 15:07:16, X, -1915230.2844749282, Y, 147042914.66411465 , Z, 86627210.05419976  , Lat, 0.5323504981279048   , Lon, -1.5577720883022277, Alt, 164302842.113357   , Bx, [-0.16591315], [-0.23547967], [0.95761274] , By, [-0.13956357], [0.62150939] , [-0.77087488], Bz, [-0.72106631], [-0.47455659], [-0.50483603]
Time, 01/02/2024 15:07:17, X, -2742619.152053297 , Y, 155090582.32164174 , Z, 87231635.92415367  , Lat, 0.512289273965002    , Lon, -1.5531141872926035, Alt, 171589582.68808642 , Bx, [0.88519682] , [-0.44935228], [-0.12045382], By, [0.01891521] , [0.16931358] , [0.9853807]  , Bz, [0.60830269] , [0.26236975] , [0.74908608]
Time, 01/02/2024 15:07:18, X, -4170850.7231426975, Y, 161223102.06673348 , Z, 89307994.62589386  , Lat, 0.5057216780720291   , Lon, -1.5449320394674695, Alt, 177982471.7326305  , Bx, [0.4156261]  , [0.18490676] , [0.89054165] , By, [-0.41682598], [0.25964421] , [0.8711148]  , Bz, [-0.06045035], [-0.65414324], [0.75395118]
Time, 01/02/2024 15:07:19, X, -5241753.288469173 , Y, 166554060.10776395 , Z, 93344748.16997726  , Lat, 0.5106175766099244   , Lon, -1.5393349279701836, Alt, 184628929.12782532 , Bx, [0.11419475] , [0.48014415] , [0.86972476] , By, [-0.75058473], [-0.41597313], [0.51340911] , Bz, [0.07417084] , [-0.50509928], [0.85986825]
Time, 01/02/2024 15:07:20, X, -4669786.666645829 , Y, 170470256.7803541  , Z, 97011436.54458499  , Lat, 0.5172136371418337   , Lon, -1.543409618988334 , Alt, 189825672.18053392 , Bx, [0.46429423] , [0.82800014] , [-0.31439885], By, [0.91694239] , [0.30613325] , [0.25592789] , Bz, [0.7522786]  , [-0.63582838], [0.17262442]
Time, 01/02/2024 15:07:21, X, -2248379.3727849354, Y, 173990661.24727955 , Z, 101738923.09676191 , Lat, 0.5290853497561165   , Lon, -1.5578746319302113, Alt, 195194408.45085096 , Bx, [0.65041567] , [0.18935346] , [0.7355982]  , By, [0.26064825] , [0.76241594] , [0.59227057] , Bz, [0.83072174] , [-0.40047989], [0.3866746]
Time, 01/02/2024 15:07:22, X, 510646.8827313348  , Y, 175375441.27912104 , Z, 107175047.0574257  , Lat, 0.5485523581929996   , Lon, 1.5678845996118227 , Alt, 199160741.7720355  , Bx, [0.7604421]  , [0.44569342] , [0.47231894] , By, [0.4803418]  , [-0.05860918], [-0.87512098], Bz, [0.42096119] , [-0.88207316], [0.21151502]
Time, 01/02/2024 15:07:23, X, 4033315.223138859  , Y, 174737940.2266661  , Z, 112998248.40880238 , Lat, 0.5739111515575241   , Lon, 1.5477183441105695 , Alt, 201759294.59885108 , Bx, [0.71550992] , [0.69829706] , [0.0206586]  , By, [-0.92441153], [0.36149127] , [-0.12160342], Bz, [0.30719976] , [-0.92774075], [0.21195613]
Time, 01/02/2024 15:07:24, X, 9061385.58833754   , Y, 172285803.00144523 , Z, 117800606.04064071 , Lat, 0.599093832721669    , Lon, 1.5182496633948226 , Alt, 202534455.66876793 , Bx, [0.74676501] , [0.62641078] , [0.22349844] , By, [-0.63210289], [0.58632407] , [-0.50662611], Bz, [0.51988701] , [-0.81033478], [-0.27032396]
Time, 01/02/2024 15:07:25, X, 13853214.338738631 , Y, 167039055.7811064  , Z, 123412886.15123098 , Lat, 0.6346744693282735   , Lon, 1.488051703435913  , Alt, 201774857.92644376 , Bx, [0.6747739]  , [-0.28359673], [0.68136119] , By, [-0.1887046] , [0.44766812] , [-0.87406168], Bz, [0.0541308]  , [-0.99834968], [-0.01917718]
Time, 01/02/2024 15:07:26, X, 21409484.476332992 , Y, 162430637.71460453 , Z, 129265538.11305259 , Lat, 0.6679949533488734   , Lon, 1.4397448298685198 , Alt, 202319338.63016397 , Bx, [-0.01458487], [0.97138624] , [0.23705707] , By, [0.77681765] , [0.3250838]  , [-0.53932816], Bz, [0.99282819] , [-0.06588256], [0.09975812]
Time, 01/02/2024 15:07:27, X, 25588589.510071974 , Y, 159737055.01722264 , Z, 133637033.17407383 , Lat, 0.6904389600112557   , Lon, 1.4119539164861126 , Alt, 203461217.0074431  , Bx, [-0.74758927], [-0.65800144], [-0.09024623], By, [0.04906261] , [0.74737849] , [0.66258453] , Bz, [-0.70663646], [0.60545411] , [-0.36618333]
Time, 01/02/2024 15:07:28, X, 31460669.394456945 , Y, 159507411.19307193 , Z, 136495884.1203547  , Lat, 0.6984013609691557   , Lon, 1.3760594702925262 , Alt, 205910686.27100256 , Bx, [-0.49967006], [-0.54289024], [-0.67498149], By, [-0.48316307], [0.5734768]  , [-0.66157222], Bz, [0.24775949] , [0.82285268] , [-0.51139878]
Time, 01/02/2024 15:07:29, X, 40348260.143850245 , Y, 158508655.6647554  , Z, 139460950.98937944 , Lat, 0.7060257132677015   , Lon, 1.3215406166135582 , Alt, 208576279.27597946 , Bx, [0.19396011] , [-0.97696095], [0.08903244] , By, [0.48651457] , [-0.26481943], [0.83257086] , Bz, [0.96178905] , [0.19121401] , [-0.1959567]
Time, 01/02/2024 15:07:30, X, 49638885.13219653  , Y, 157452139.4539937  , Z, 139243826.79341912 , Lat, 0.7006700156108967   , Lon, 1.265395964427199  , Alt, 209601309.41924706 , Bx, [0.87870664] , [0.23713694] , [0.41429544] , By, [0.1027935]  , [0.57034139] , [0.81495043] , Bz, [0.3044424]  , [-0.01468592], [-0.95241753]
Time, 01/02/2024 15:07:31, X, 56243888.027760595 , Y, 153226600.8657819  , Z, 141047760.03409097 , Lat, 0.7126466591567523   , Lon, 1.2190017987386665 , Alt, 209351592.15018582 , Bx, [0.61154094] , [-0.58401582], [0.53380071] , By, [0.42503847] , [0.72736582] , [0.53877757] , Bz, [-0.61913681], [-0.76317278], [0.1850322]
Time, 01/02/2024 15:07:32, X, 60967554.49706552  , Y, 152333558.2262886  , Z, 141717381.09884188 , Lat, 0.7123963893319715   , Lon, 1.1900968131156369 , Alt, 210438528.77756342 , Bx, [0.49625951] , [-0.10640965], [-0.86162839], By, [-0.54300831], [0.33911594] , [-0.76820723], Bz, [-0.7310537] , [0.62133569] , [-0.28196178]
Time, 01/02/2024 15:07:33, X, 68538413.43738562  , Y, 148509833.66653222 , Z, 140417516.373723   , Lat, 0.7094050293911045   , Lon, 1.1384140127617635 , Alt, 209197466.42479935 , Bx, [0.10318534] , [0.01840409] , [0.99449187] , By, [0.94070899] , [-0.0450663] , [-0.33620771], Bz, [0.48385485] , [-0.57917815], [-0.6560771]
Time, 01/02/2024 15:07:34, X, 73691570.63495526  , Y, 148854008.0371262  , Z, 140951159.0081842  , Lat, 0.7036873236504178   , Lon, 1.1111090320488939 , Alt, 211471127.50777537 , Bx, [0.92083876] , [0.27372867] , [-0.27772034], By, [0.64962234] , [-0.51070928], [0.56317568] , Bz, [-0.42016259], [0.85694864] , [0.29850031]
Time, 01/02/2024 15:07:35, X, 78055385.80961734  , Y, 146801457.73756874 , Z, 137630100.6427343  , Lat, 0.6914558560872918   , Lon, 1.0821059091710574 , Alt, 209465409.9281967  , Bx, [0.21096239] , [0.77636646] , [0.59392759] , By, [0.45888625] , [-0.40273598], [-0.79197673], Bz, [-0.37322726], [-0.30848491], [-0.87495056]
Time, 01/02/2024 15:07:36, X, 84372607.55424981  , Y, 147806358.6724801  , Z, 133567462.48724318 , Lat, 0.6654053547439049   , Lon, 1.0521000092484956 , Alt, 209975304.80967867 , Bx, [-0.80103773], [-0.46878749], [0.3722591]  , By, [-0.0261091] , [-0.26810292], [-0.96303642], Bz, [0.45836954] , [0.70920444] , [-0.53565514]
Time, 01/02/2024 15:07:37, X, 90499158.61552116  , Y, 151027765.46449822 , Z, 127760558.07060842 , Lat, 0.6277257649976332   , Lon, 1.0309490868758537 , Alt, 211165764.36370483 , Bx, [-0.42439922], [-0.90098398], [-0.09007311], By, [0.54152596] , [-0.57238695], [-0.6157295] , Bz, [0.11241787] , [0.80790222] , [-0.57849479]
Time, 01/02/2024 15:07:38, X, 97033731.15314576  , Y, 157284308.07442808 , Z, 122529422.52508387 , Lat, 0.585466966759979    , Lon, 1.0180197287515935 , Alt, 215366137.01652032 , Bx, [0.60892572] , [-0.78929452], [-0.07889003], By, [0.59651149] , [0.33109966] , [-0.73112725], Bz, [0.07272411] , [0.99475338] , [-0.07195075]
Time, 01/02/2024 15:07:39, X, 103073793.69854741 , Y, 158299320.73005414 , Z, 115803778.9592882  , Lat, 0.5499566625378836   , Lon, 0.9936255565152221 , Alt, 215199298.35304853 , Bx, [-0.20051685], [-0.61046005], [0.76624508] , By, [0.45123654] , [0.09746084] , [0.8870665]  , Bz, [-0.11042274], [-0.87205397], [-0.47678999]
Time, 01/02/2024 15:07:40, X, 111208437.43213545 , Y, 156615025.30507234 , Z, 108539995.47082722 , Lat, 0.5143399575285377   , Lon, 0.9533404740345037 , Alt, 214256544.346151   , Bx, [-0.2231981] , [-0.72049622], [0.65655754] , By, [-0.28868907], [0.18031066] , [0.94029075] , Bz, [0.45218758] , [-0.84692383], [-0.2797256]
Time, 01/02/2024 15:07:41, X, 115447459.5473343  , Y, 159171830.51101956 , Z, 100159003.65909225 , Lat, 0.4711196099826276   , Lon, 0.9432909830306152 , Alt, 214299826.25064915 , Bx, [-0.33104635], [-0.57576043], [-0.74760166], By, [-0.23148217], [0.5147291]  , [0.82551194] , Bz, [-0.68290052], [0.69930053] , [-0.21124784]
Time, 01/02/2024 15:07:42, X, 122242786.00070088 , Y, 164761280.65076306 , Z, 93090735.56297204  , Lat, 0.4259702466647921   , Lon, 0.9324743833316613 , Alt, 218918732.07527202 , Bx, [-0.93264705], [-0.33437198], [-0.13551701], By, [-0.28403894], [0.92522786] , [-0.25154581], Bz, [0.44041357] , [0.86915224] , [0.22496727]
Time, 01/02/2024 15:07:43, X, 127235868.8719781  , Y, 167507008.35158896 , Z, 81032270.9694925   , Lat, 0.36770390354662896  , Lon, 0.9211887684716907 , Alt, 219048149.83643195 , Bx, [0.97181364] , [0.12367124] , [-0.20070792], By, [-0.03281769], [-0.96018365], [-0.27743533], Bz, [-0.35287074], [-0.3011243] , [-0.88589299]
Time, 01/02/2024 15:07:44, X, 131357421.04218127 , Y, 175340925.46653104 , Z, 67857049.22704703  , Lat, 0.3003558373394244   , Lon, 0.9278366391269626 , Alt, 222984164.18017355 , Bx, [-0.10669525], [-0.34886421], [-0.93107996], By, [0.82234727] , [-0.5333494] , [-0.19820038], Bz, [-0.23950844], [0.88793347] , [-0.39269565]
Time, 01/02/2024 15:07:45, X, 138083360.88783437 , Y, 186395030.3269158  , Z, 55661749.690211594 , Lat, 0.23549985146335128  , Lon, 0.933202606604332  , Alt, 232183715.44957465 , Bx, [-0.81823049], [-0.50348821], [0.27748599] , By, [0.3841538]  , [-0.59581517], [0.70528727] , Bz, [0.41000777] , [0.90936062] , [0.07040518]
Time, 01/02/2024 15:07:46, X, 139945302.95637527 , Y, 193315252.5080867  , Z, 41492679.81771299  , Lat, 0.17214091000349496  , Lon, 0.9441946213496305 , Alt, 235862600.3742508  , Bx, [-0.21439905], [0.03515073] , [-0.97611345], By, [0.73962607] , [0.67287865] , [-0.0136967] , Bz, [-0.8077104] , [-0.51724898], [-0.28294418]
Time, 01/02/2024 15:07:47, X, 140230032.42042294 , Y, 200243261.37703502 , Z, 23461173.326282855 , Lat, 0.09567748663597997  , Lon, 0.9598701325199613 , Alt, 239214529.64983568 , Bx, [0.84734296] , [-0.23237664], [0.47750499] , By, [0.09169044] , [0.94203751] , [0.32273547] , Bz, [-0.54769674], [-0.15613181], [-0.82198001]
Time, 01/02/2024 15:07:48, X, 136720392.57580566 , Y, 208596980.98175558 , Z, 8372193.500519255  , Lat, 0.03355544375178354  , Lon, 0.9906144446833148 , Alt, 243179114.89637798 , Bx, [0.26168655] , [0.4580412]  , [-0.84954012], By, [0.17573721] , [0.90688782] , [-0.38297638], Bz, [-0.93147501], [0.22364511] , [0.28694455]
Time, 01/02/2024 15:07:49, X, 130121989.92741624 , Y, 215131619.39466822 , Z, -5949979.161488488 , Lat, -0.023660831377460223, Lon, 1.026819538773349  , Alt, 245122038.03100625 , Bx, [0.82934022] , [-0.46564263], [0.30882316] , By, [0.42356994] , [-0.14623892], [-0.89398137], Bz, [-0.89956711], [-0.3290066] , [0.28728674]
Time, 01/02/2024 15:07:50, X, 120456152.59913212 , Y, 221818360.83839867 , Z, -19755621.154692337, Lat, -0.07810736533329221 , Lon, 1.0733126990459108 , Alt, 246815402.61915165 , Bx, [0.95586827] , [0.27318755] , [-0.10809449], By, [0.23092344] , [-0.69344807], [0.68249845] , Bz, [-0.9829583] , [-0.04085262], [0.17923182]
Time, 01/02/2024 15:07:51, X, 117400258.5155792  , Y, 230072917.8632608  , Z, -35735038.14974117 , Lat, -0.1374769469311743  , Lon, 1.0989632350626577 , Alt, 254384366.55110866 , Bx, [0.32177169] , [-0.77058677], [-0.55014454], By, [-0.82630616], [-0.15359548], [0.54187319] , Bz, [0.92473771] , [0.25703883] , [-0.28069773]
Time, 01/02/2024 15:07:52, X, 110518698.62689668 , Y, 242638150.48542348 , Z, -51511111.66376808 , Lat, -0.1908472181086378  , Lon, 1.1433881899836393 , Alt, 265182032.46696955 , Bx, [0.74901159] , [-0.31600093], [0.58234444] , By, [-0.47402018], [0.65721652] , [-0.58597894], Bz, [-0.42804422], [0.90107301] , [-0.06961024]
Time, 01/02/2024 15:07:53, X, 106601833.66650978 , Y, 251615258.95753595 , Z, -62501142.98176008 , Lat, -0.22485163713640044 , Lon, 1.1700527508839487 , Alt, 273951283.01609653 , Bx, [0.48831245] , [-0.59519966], [0.63819144] , By, [-0.10094101], [-0.85258601], [0.51274556] , Bz, [0.38790159] , [-0.34939165], [0.85291139]
Time, 01/02/2024 15:07:54, X, 105656996.29009944 , Y, 257812249.9746937  , Z, -78711965.61629406 , Lat, -0.27532903128948005 , Lon, 1.18185193986606   , Alt, 283156426.3921135  , Bx, [0.2498686]  , [0.1311367]  , [-0.95935856], By, [0.45103727] , [-0.89243951], [-0.01082147], Bz, [0.62054783] , [-0.57408014], [-0.53418385]
Time, 01/02/2024 15:07:55, X, 107973365.74940799 , Y, 268210723.62157437 , Z, -94185141.09155741 , Lat, -0.3149149770995381  , Lon, 1.1880771204553624 , Alt, 297711358.54666173 , Bx, [-0.48484105], [-0.81139564], [0.32644489] , By, [0.05395941] , [-0.32538635], [0.94404031] , Bz, [0.82150404] , [0.56923422] , [-0.03321911]
Time, 01/02/2024 15:07:56, X, 113423356.38950787 , Y, 280189407.124456   , Z, -112480582.60245547, Lat, -0.35623616143838555 , Lon, 1.1861506481138708 , Alt, 316154724.7135541  , Bx, [-0.55763983], [-0.82857634], [-0.04999075], By, [0.32355101] , [-0.79845278], [-0.50772818], Bz, [0.77272469] , [0.45537937] , [-0.44218343]
Time, 01/02/2024 15:07:58, X, 121368568.85184805 , Y, 294276763.23000926 , Z, -133773845.42652905, Lat, -0.3978374462505605  , Lon, 1.1796205603612127 , Alt, 338918131.8916331  , Bx, [-0.12388003], [-0.88867265], [-0.44149141], By, [0.04914215] , [-0.31437819], [-0.948025]  , Bz, [0.65718907] , [0.59579453] , [-0.46166157]
Time, 01/02/2024 15:07:59, X, 122056320.18361485 , Y, 302769553.17342496 , Z, -154035820.52552912, Lat, -0.44088050059829254 , Lon, 1.1875922307523428 , Alt, 354591853.5328442  , Bx, [-0.56799455], [-0.79408399], [0.21636268] , By, [0.8099724]  , [-0.57571657], [0.11178167] , Bz, [-0.80381968], [-0.59425456], [-0.02711894]
Time, 01/02/2024 15:08:00, X, 120610004.90207486 , Y, 308053453.221181   , Z, -170632428.26558968, Lat, -0.4761933472123774  , Lon, 1.1976190214771831 , Alt, 365864313.8805942  , Bx, [-0.82064958], [-0.48996666], [0.29405262] , By, [-0.34400723], [0.8666516]  , [-0.36135029], Bz, [-0.54618845], [-0.65397175], [0.52344926]
Time, 01/02/2024 15:08:01, X, 118901530.26081643 , Y, 317157164.2238775  , Z, -183203061.4096925 , Lat, -0.49581474505598333 , Lon, 1.2121152397990724 , Alt, 378712890.11587983 , Bx, [0.544613]   , [0.36998075] , [0.7526692]  , By, [-0.36520368], [0.81523636] , [0.44946184] , Bz, [-0.21681151], [0.37311863] , [0.90209493]
Time, 01/02/2024 15:08:02, X, 122465612.42285213 , Y, 326501758.93831754 , Z, -193120080.1251526 , Lat, -0.5057613692440661  , Lon, 1.211951943104393  , Alt, 392247351.51365626 , Bx, [0.68345657] , [-0.59893717], [0.41732648] , By, [0.79182591] , [0.46040613] , [0.40129531] , Bz, [0.70550301] , [0.14084348] , [0.69457081]
Time, 01/02/2024 15:08:03, X, 125536148.00277373 , Y, 341023392.4841464  , Z, -200508511.8542818 , Lat, -0.5041964475722138  , Lon, 1.2180746101052555 , Alt, 408671096.6634459  , Bx, [-0.50308248], [-0.15349842], [0.85049765] , By, [-0.94943673], [0.29890145] , [0.09606152] , Bz, [0.104961]   , [0.79064356] , [0.60321302]
Time, 01/02/2024 15:08:04, X, 125575716.1134714  , Y, 347772864.8898278  , Z, -209758036.90412378, Lat, -0.516025686392036   , Lon, 1.224280176924214  , Alt, 418733293.1763467  , Bx, [-0.87772252], [-0.29328315], [-0.3789303] , By, [-0.90880242], [0.36764843] , [0.19726325] , Bz, [-0.26010411], [-0.96267307], [-0.07487593]
Time, 01/02/2024 15:08:05, X, 129315494.47080626 , Y, 351433128.1656068  , Z, -216513698.66811076, Lat, -0.5242261840490916  , Lon, 1.218206535991388  , Alt, 426186420.92055064 , Bx, [-0.3199143] , [0.45764872] , [0.82958573] , By, [-0.89193622], [-0.32667005], [0.31262832] , Bz, [0.45424852] , [-0.8203301] , [0.34744324]
Time, 01/02/2024 15:08:06, X, 130397253.0558511  , Y, 350470240.2418497  , Z, -226566944.7664255 , Lat, -0.544737279325048   , Lon, 1.2146024319268454 , Alt, 430853671.49108136 , Bx, [0.39862159] , [0.91289491] , [-0.08788464], By, [-0.9660873] , [0.0513411]  , [0.25306011] , Bz, [-0.2336128] , [-0.90545486], [-0.35436782]
Time, 01/02/2024 15:08:07, X, 129996611.38222045 , Y, 347508153.3123473  , Z, -240212633.3457456 , Lat, -0.5745638029554012  , Lon, 1.2128305536883943 , Alt, 435628032.58753353 , Bx, [-0.20325979], [0.8504935]  , [-0.48512501], By, [-0.26453623], [0.88085725] , [-0.39256985], Bz, [-0.27190159], [-0.77946797], [-0.56435735]
Time, 01/02/2024 15:08:08, X, 128652184.07405111 , Y, 342586729.581233   , Z, -246205644.7817966 , Lat, -0.5922304362829642  , Lon, 1.2115595718771979 , Alt, 434689394.13509876 , Bx, [-0.10160274], [0.84169221] , [0.53031227] , By, [-0.1223266] , [0.5806706]  , [-0.80489618], Bz, [-0.21457526], [-0.51410277], [0.83045518]
Time, 01/02/2024 15:08:09, X, 122562682.72940175 , Y, 343434560.4665002  , Z, -254219907.97039372, Lat, -0.6088195879713165  , Lon, 1.2280113217448638 , Alt, 438147469.9527362  , Bx, [0.51433977] , [0.64317861] , [0.56725292] , By, [0.2785283]  , [0.77446434] , [-0.56800262], Bz, [-0.79513556], [0.60002305] , [-0.08793055]
Time, 01/02/2024 15:08:10, X, 117626070.08701718 , Y, 344732218.36196536 , Z, -254941582.4393034 , Lat, -0.6106676955787691  , Lon, 1.2419736284712866 , Alt, 438231524.95631844 , Bx, [0.30942138] , [0.68086232] , [-0.66384103], By, [-0.55891791], [-0.76261714], [-0.32561612], Bz, [-0.09167344], [0.22120749] , [0.97090845]
Time, 01/02/2024 15:08:11, X, 109061630.71429352 , Y, 341915807.43212366 , Z, -252420155.46814585, Lat, -0.6129633375230368  , Lon, 1.2620260071970286 , Alt, 432396356.98156136 , Bx, [-0.05107649], [-0.25083873], [-0.96668047], By, [-0.1249855] , [-0.91515185], [-0.38324368], Bz, [-0.4752068] , [-0.43383827], [0.76548211]
Time, 01/02/2024 15:08:12, X, 98984150.75100683  , Y, 343960500.9763977  , Z, -246065723.0791545 , Lat, -0.602279301287346   , Lon, 1.290590054249212  , Alt, 427973366.1500626  , Bx, [0.37562592] , [-0.17686258], [-0.90973886], By, [-0.42627369], [-0.10844141], [-0.89807082], Bz, [-0.41975592], [0.48934254] , [0.76442714]
Time, 01/02/2024 15:08:13, X, 95024325.86109723  , Y, 347421148.489327   , Z, -246195714.64444414, Lat, -0.5995875004511255  , Lon, 1.3038127573567106 , Alt, 429912631.17619663 , Bx, [0.8278521]  , [-0.06617789], [-0.55702908], By, [-0.07086479], [-0.74113467], [0.66760586] , Bz, [0.68016857] , [0.379148]   , [-0.62738945]
Time, 01/02/2024 15:08:14, X, 93319151.84425022  , Y, 352549184.16149074 , Z, -249721336.57106644, Lat, -0.6004162675729479  , Lon, 1.3120325680655627 , Alt, 435624630.4000106  , Bx, [-0.6393564] , [-0.14049988], [-0.75596506], By, [-0.79900152], [-0.26649362], [0.53905262] , Bz, [0.65921017] , [0.36892606] , [-0.65523699]
Time, 01/02/2024 15:08:15, X, 93430674.1720723   , Y, 363265866.31071526 , Z, -250831963.71642753, Lat, -0.5894279240093887  , Lon, 1.3190561307567086 , Alt, 444858492.08197993 , Bx, [-0.93106242], [-0.27162129], [-0.24360757], By, [-0.53989919], [-0.23322277], [-0.80877438], Bz, [0.49290925] , [0.86108843] , [0.12476854]
Time, 01/02/2024 15:08:16, X, 91068322.11543106  , Y, 369098420.7932718  , Z, -245628985.84795815, Lat, -0.5736341959884195  , Lon, 1.3288959629023311 , Alt, 446244380.0012804  , Bx, [-0.58613103], [-0.80136457], [-0.11943716], By, [0.36556706] , [0.87384256] , [-0.32056186], Bz, [-0.17599633], [-0.3664975] , [0.91362185]
Time, 01/02/2024 15:08:17, X, 82470109.85923265  , Y, 379534712.8582721  , Z, -245835545.50919792, Lat, -0.5643015961672457  , Lon, 1.3568298316572158 , Alt, 453284341.22906685 , Bx, [-0.32903363], [0.53173612] , [-0.7803804] , By, [0.47019464] , [0.70386668] , [-0.53243656], Bz, [-0.84806464], [0.3938212]  , [-0.35452958]
Time, 01/02/2024 15:08:18, X, 77361440.02154925  , Y, 396172505.78081954 , Z, -245924777.43617532, Lat, -0.547189434423009   , Lon, 1.3779509233815939 , Alt, 466298485.8946298  , Bx, [-0.36527775], [-0.7687924] , [0.52490991] , By, [0.07882461] , [-0.38778935], [-0.91837144], Bz, [0.19921412] , [0.96181666] , [-0.18767642]
Time, 01/02/2024 15:08:19, X, 69506806.9793497   , Y, 402913492.2035008  , Z, -249389558.42406026, Lat, -0.5477079105021234  , Lon, 1.3999672041657294 , Alt, 472550319.4952098  , Bx, [-0.5167724] , [-0.27364668], [-0.81121131], By, [-0.39290158], [0.88307389] , [-0.25653235], Bz, [-0.23498194], [-0.88869838], [-0.39369872]
Time, 01/02/2024 15:08:20, X, 62620433.69236757  , Y, 413134445.2413096  , Z, -260908560.47870302, Lat, -0.558169380637584   , Lon, 1.4203673873400353 , Alt, 486249204.10427123 , Bx, [0.97189984] , [-0.22645484], [0.06425654] , By, [0.18012519] , [-0.66842579], [0.72163833] , Bz, [-0.03540616], [0.09889348] , [-0.99446794]
Time, 01/02/2024 15:08:21, X, 61396247.79709768  , Y, 415081606.4370627  , Z, -266007992.5414794 , Lat, -0.5650162378868551  , Lon, 1.4239474120542002 , Alt, 490441330.10250765 , Bx, [0.98782123] , [-0.15548435], [0.00581716] , By, [0.09222242] , [-0.99070796], [0.09996382] , Bz, [0.52649802] , [-0.77665652], [0.34583882]
Time, 01/02/2024 15:08:22, X, 52568074.45834881  , Y, 415894930.2033074  , Z, -277994967.7217925 , Lat, -0.5855637594611665  , Lon, 1.4450655815380866 , Alt, 496633172.4476179  , Bx, [-0.9992606] , [0.00571795] , [-0.03802056], By, [0.06993968] , [-0.98224157], [-0.17409748], Bz, [-0.64593924], [-0.40707656], [-0.64579499]
Time, 01/02/2024 15:08:23, X, 44109068.77921823  , Y, 422464073.71834445 , Z, -280877461.814924  , Lat, -0.5842506998789494  , Lon, 1.4667642197315318 , Alt, 502857487.1124775  , Bx, [-0.7385851] , [-0.66153205], [0.1298745]  , By, [-0.3729373] , [0.92782889] , [-0.0071645] , Bz, [-0.12515801], [0.47188935] , [0.87272901]
Time, 01/02/2024 15:08:24, X, 35299878.65773717  , Y, 435299169.4612006  , Z, -282624792.3776984 , Lat, -0.5743629490843576  , Lon, 1.48988001432037   , Alt, 513829174.58032364 , Bx, [-0.46865476], [0.0374446]  , [-0.88258746], By, [0.77721028] , [-0.52459963], [0.34747577] , Bz, [-0.11770641], [0.91410288] , [0.38802207]
Time, 01/02/2024 15:08:25, X, 30881000.993329413 , Y, 451670989.34300274 , Z, -290226087.5082832 , Lat, -0.5700678223044298  , Lon, 1.5025319969378623 , Alt, 531394284.02901065 , Bx, [-0.20327142], [0.90575172] , [0.37187975] , By, [-0.57807192], [-0.63318046], [-0.51469929], Bz, [0.5156744]  , [0.67190597] , [-0.53162231]
Time, 01/02/2024 15:08:26, X, 23782254.006093897 , Y, 466505077.26070434 , Z, -306166553.32702214, Lat, -0.5801950522853727  , Lon, 1.5198607968527271 , Alt, 552136422.5932672  , Bx, [-0.37642604], [-0.25460482], [-0.89077484], By, [0.88534211] , [0.25927828] , [0.3859328]  , Bz, [-0.15128174], [0.05548197] , [-0.98693241]
Time, 01/02/2024 15:08:27, X, 19007239.187723212 , Y, 479198493.9024554  , Z, -327600067.5267529 , Lat, -0.5992965029479618  , Lon, 1.5311524612602605 , Alt, 574416634.1171994  , Bx, [0.42267181] , [-0.1825851] , [-0.88769996], By, [0.98511013] , [0.16478284] , [-0.0490371] , Bz, [0.22822124] , [-0.22640659], [-0.94691875]
Time, 01/02/2024 15:08:28, X, 7929174.516364893  , Y, 488915905.5149761  , Z, -339748172.52110773, Lat, -0.6072340238402414  , Lon, 1.5545798786055411 , Alt, 589053600.7728202  , Bx, [-0.48089753], [0.8660433]  , [-0.13677199], By, [0.75303107] , [0.58518332] , [-0.30083998], Bz, [-0.57262064], [-0.44037803], [0.69150039]
Time, 01/02/2024 15:08:29, X, -6392173.782230081 , Y, 499924101.31481594 , Z, -345696299.61405027, Lat, -0.6049585740618042  , Lon, -1.558010735043701 , Alt, 601470178.7037266  , Bx, [0.48398169] , [0.23191332] , [0.84378785] , By, [0.14163496] , [-0.69141964], [0.70843378] , Bz, [-0.60008916], [-0.02908534], [0.79940418]
Time, 01/02/2024 15:08:30, X, -8659708.688545948 , Y, 508648666.83203846 , Z, -352319777.5227687 , Lat, -0.6057138857630493  , Lon, -1.5537730399342546, Alt, 612440508.0202321  , Bx, [0.36846566] , [-0.1636641] , [0.91512137] , By, [0.63349573] , [0.77194767] , [-0.05272518], Bz, [0.97193123] , [-0.21886989], [0.08628825]
Time, 01/02/2024 15:08:31, X, -5778687.560046127 , Y, 512673609.9470487  , Z, -357148162.65732515, Lat, -0.6084365513863235  , Lon, -1.5595251344843621, Alt, 618466925.9100382  , Bx, [0.67048977] , [-0.46659636], [-0.57682866], By, [0.5346119]  , [-0.75160692], [0.38636402] , Bz, [0.80331076] , [-0.51615492], [0.29711265]
Time, 01/02/2024 15:08:32, X, 1716201.6390036298 , Y, 513528681.128215   , Z, -366086288.6689038 , Lat, -0.6193179504310073  , Lon, 1.567454361072629  , Alt, 624290416.6418631  , Bx, [-0.44794876], [0.6793937]  , [0.58117648] , By, [-0.05525754], [0.95863211] , [-0.27923303], Bz, [0.79142466] , [-0.51438733], [-0.33023126]
Time, 01/02/2024 15:08:33, X, 2150192.1261378927 , Y, 513193265.8456389  , Z, -381571002.38083965, Lat, -0.6393387295968394  , Lon, 1.566606522120127  , Alt, 633135357.5082037  , Bx, [0.358007]   , [-0.67720783], [0.64282233] , By, [0.3235684]  , [0.16843675] , [-0.93109213], Bz, [-0.48985258], [-0.29359409], [-0.82088182]
Time, 01/02/2024 15:08:34, X, 7900039.837907212  , Y, 504644618.0902819  , Z, -396907547.26116765, Lat, -0.6664008994071908  , Lon, 1.555142945584368  , Alt, 635707034.4084377  , Bx, [-0.46223642], [0.39404314] , [-0.79439757], By, [-0.36920253], [-0.06957185], [-0.9267412] , Bz, [0.35283569] , [-0.89776216], [-0.26368555]
Time, 01/02/2024 15:08:35, X, 19180477.549027167 , Y, 506208518.87214047 , Z, -409688312.14540327, Lat, -0.6800516670229992  , Lon, 1.532923976418368  , Alt, 645134539.8124288  , Bx, [-0.5306686] , [-0.19226021], [0.82548583] , By, [0.90272433] , [-0.30071448], [-0.30766799], Bz, [0.7349362]  , [0.65732683] , [0.16670397]
Time, 01/02/2024 15:08:36, X, 25287195.882425733 , Y, 506108566.6741424  , Z, -432586995.1843731 , Lat, -0.7066189465935819  , Lon, 1.5208738660831256 , Alt, 659899839.7785362  , Bx, [-0.43708521], [-0.89779882], [0.05397959] , By, [0.10631765] , [-0.87131561], [0.47906749] , Bz, [-0.29690355], [0.08201518] , [-0.95137889]
Time, 01/02/2024 15:08:37, X, 32214082.732474666 , Y, 506157882.4794899  , Z, -441749720.14676416, Lat, -0.7165535430924344  , Lon, 1.507237714395205  , Alt, 666218298.4371371  , Bx, [-0.59899118], [-0.79995702], [-0.03575392], By, [-0.75268033], [-0.40966902], [-0.51540626], Bz, [-0.04879396], [0.04292634] , [0.997886]
Time, 01/02/2024 15:08:38, X, 45871665.81743047  , Y, 509827183.5089778  , Z, -446282766.0678389 , Lat, -0.7170368920683821  , Lon, 1.481063019923336  , Alt, 672743330.6238828  , Bx, [-0.79658094], [0.40007809] , [0.45320672] , By, [-0.3322589] , [0.87320132] , [-0.35654379], Bz, [0.57886868] , [0.35046031] , [0.73626668]
Time, 01/02/2024 15:08:39, X, 63324834.513743855 , Y, 521335232.2980285  , Z, -454048531.2905872 , Lat, -0.7128973847921465  , Lon, 1.4499218408422356 , Alt, 687862770.3314149  , Bx, [-0.03345819], [0.21893342] , [-0.97516599], By, [0.32616398] , [-0.74731585], [-0.5789094] , Bz, [0.54852208] , [0.83605929] , [0.01133105]
Time, 01/02/2024 15:08:40, X, 73462614.46417393  , Y, 527477303.11404735 , Z, -451805578.65635526, Lat, -0.7035366930241862  , Lon, 1.4324148423719387 , Alt, 692025264.2578957  , Bx, [0.75890525] , [0.26481682] , [-0.59492425], By, [0.1915109]  , [0.07081104] , [-0.97893277], Bz, [-0.4932112] , [-0.21647716], [0.84254397]
Time, 01/02/2024 15:08:41, X, 79805931.007132    , Y, 535753220.3484124  , Z, -445336359.59058994, Lat, -0.6881094058431514  , Lon, 1.422923409188092  , Alt, 694860041.0349851  , Bx, [0.44333541] , [0.2962289]  , [-0.84599181], By, [0.08302713] , [-0.37203075], [-0.92449966], Bz, [-0.56292927], [0.12717143] , [0.81666276]
Time, 01/02/2024 15:08:42, X, 85836471.1992225   , Y, 553579834.1960795  , Z, -439505360.3072553 , Lat, -0.6652537151542064  , Lon, 1.4169642888672298 , Alt, 705656734.2599123  , Bx, [0.65421506] , [0.274697]   , [-0.70465893], By, [0.17668907] , [-0.45884732], [-0.87076984], Bz, [-0.25069075], [0.94676091] , [0.20198499]
Time, 01/02/2024 15:08:43, X, 87581613.2806684   , Y, 578348373.1597733  , Z, -437650141.68775535, Lat, -0.6423441522362121  , Lon, 1.420504220380624  , Alt, 724173335.5749966  , Bx, [-0.79842339], [0.29672231] , [-0.52390453], By, [-0.90524739], [0.13468685] , [0.40297224] , Bz, [-0.3982201] , [0.8789168]  , [-0.26253765]
Time, 01/02/2024 15:08:44, X, 92167140.03118879  , Y, 591563667.730251   , Z, -442542187.66429245, Lat, -0.6365345564090688  , Lon, 1.41623638093914   , Alt, 738132823.0544511  , Bx, [0.35248936] , [-0.71833607], [0.59978708] , By, [0.06737225] , [-0.09619585], [0.99307972] , Bz, [0.0721341]  , [-0.68741721], [-0.72267161]
Time, 01/02/2024 15:08:45, X, 105810073.40329404 , Y, 600638779.3711725  , Z, -442012138.97683614, Lat, -0.6271402223983893  , Lon, 1.3964228553409352 , Alt, 746847060.0071805  , Bx, [0.21237971] , [0.07308344] , [-0.97445044], By, [0.1948135]  , [-0.97172853], [0.13338429] , Bz, [0.77311799] , [-0.59039087], [0.23179126]
Time, 01/02/2024 15:08:46, X, 121711623.78744178 , Y, 613777787.0569893  , Z, -431475473.4286536 , Lat, -0.6036823686270432  , Lon, 1.3750367170950322 , Alt, 753700033.1410029  , Bx, [0.58302801] , [-0.48668444], [-0.65055099], By, [0.70024563] , [-0.70017287], [-0.13933417], Bz, [0.4530006]  , [0.12082323] , [0.88328489]
Time, 01/02/2024 15:08:47, X, 132670659.29174113 , Y, 624605365.0538315  , Z, -413004089.5741769 , Lat, -0.5741183948884996  , Lon, 1.3614997527297712 , Alt, 754093163.4527758  , Bx, [0.8895606]  , [0.32211276] , [-0.32392176], By, [0.83620065] , [-0.54767658], [0.02861529] , Bz, [0.02579776] , [-0.2427387] , [0.96974863]
Time, 01/02/2024 15:08:48, X, 145932383.1209454  , Y, 626457643.080084   , Z, -392818978.66828215, Lat, -0.5482479043013049  , Lon, 1.341929365215492  , Alt, 747321370.280345   , Bx, [-0.47578059], [0.84289448] , [-0.25131996], By, [0.39640392] , [-0.70979152], [-0.58228853], Bz, [0.0934824]  , [-0.8399011] , [0.53462808]
Time, 01/02/2024 15:08:49, X, 151748734.70987517 , Y, 621402184.0136834  , Z, -371489488.7166616 , Lat, -0.5261511134923711  , Lon, 1.331280367159733  , Alt, 733340290.3085841  , Bx, [0.57494503] , [0.32092679] , [-0.75262488], By, [-0.91920777], [-0.38041889], [0.1016786]  , Bz, [-0.59048943], [-0.77429644], [0.22756813]
Time, 01/02/2024 15:08:50, X, 161271813.8038254  , Y, 613800846.9319484  , Z, -339557544.1989371 , Lat, -0.4912888632042467  , Lon, 1.3138607694185298 , Alt, 713392435.751196   , Bx, [0.00756701] , [-0.52951987], [-0.84826378], By, [-0.12728229], [0.36600594] , [0.92186706] , Bz, [0.08985192] , [-0.46752703], [0.87940043]
Time, 01/02/2024 15:08:51, X, 160177449.3702821  , Y, 605984696.8605828  , Z, -305911186.4034851 , Lat, -0.45404584430028105 , Lon, 1.312380570488911  , Alt, 691092921.7069006  , Bx, [0.11625955] , [0.96600825] , [-0.23089342], By, [-0.60522711], [0.49833202] , [0.62077801] , Bz, [-0.86953252], [-0.09333307], [0.48497643]
Time, 01/02/2024 15:08:52, X, 166877523.05023938 , Y, 597129912.7030046  , Z, -264186273.3221921 , Lat, -0.40280208003653395 , Lon, 1.2982828472816845 , Alt, 667577534.6493076  , Bx, [0.11197651] , [-0.92946424], [-0.35150746], By, [-0.04953018], [0.34058647] , [0.93890767] , Bz, [0.37002754] , [-0.05810537], [0.92720191]
Time, 01/02/2024 15:08:53, X, 173917600.9654344  , Y, 589753015.5222092  , Z, -214717471.60674962, Lat, -0.33597277584820406 , Lon, 1.2840258527182906 , Alt, 644904321.0864868  , Bx, [0.43568924] , [0.79488575] , [0.42229319] , By, [0.73119733] , [0.53099084] , [0.42825132] , Bz, [0.13742187] , [0.04812801] , [0.98934267]
Time, 01/02/2024 15:08:54, X, 187050701.5165506  , Y, 592535277.3561094  , Z, -173473360.0567779 , Lat, -0.2722520018033803  , Lon, 1.2650182863654724 , Alt, 638748389.3371239  , Bx, [0.69655264] , [0.25410078] , [0.67100463] , By, [0.68554366] , [-0.55399629], [0.47235368] , Bz, [0.5546435]  , [0.74219814] , [-0.37618148]
Time, 01/02/2024 15:08:55, X, 192369904.89709634 , Y, 578683413.9815896  , Z, -130646594.97356719, Lat, -0.21104761196110178 , Lon, 1.2498618284550966 , Alt, 617286924.4310882  , Bx, [0.75659257] , [0.23004004] , [0.61208599] , By, [0.66639681] , [0.0941809]  , [0.73962507] , Bz, [-0.38178604], [-0.92422428], [0.00699268]
Time, 01/02/2024 15:08:56, X, 190192999.85916993 , Y, 560148289.0738875  , Z, -90868696.67786926 , Lat, -0.15241805192505953 , Lon, 1.2434698121413867 , Alt, 592124282.3404443  , Bx, [0.99047285] , [-0.13463091], [-0.0289492] , By, [0.77635658] , [-0.5301244] , [0.34093778] , Bz, [-0.6690283] , [-0.70683921], [-0.22973781]
Time, 01/02/2024 15:09:01, X, 184038602.4666891  , Y, 554024460.9493656  , Z, -43691802.20090558 , Lat, -0.07470209562627472 , Lon, 1.2500796494785327 , Alt, 579053874.8624287  , Bx, [0.31928207] , [0.7529063]  , [0.57549201] , By, [0.05644048] , [-0.99089663], [0.12222254] , Bz, [-0.52233932], [0.75287985] , [0.40041674]
Time, 01/02/2024 15:09:01, X, 181812361.72372228 , Y, 556544842.1355977  , Z, 4482643.679240689  , Lat, 0.007656083459397944 , Lon, 1.2550452011518511 , Alt, 579135609.935063   , Bx, [0.3396862]  , [0.82774903] , [-0.44659246], By, [-0.92707946], [0.25072288] , [0.2786785]  , Bz, [0.14013232] , [0.97112448] , [0.19308074]
Time, 01/02/2024 15:09:01, X, 172879679.97659656 , Y, 566211642.6873163  , Z, 51393210.942376144 , Lat, 0.08659341313242441  , Lon, 1.2744596058349205 , Alt, 587871602.136911   , Bx, [-0.17296817], [0.95771935] , [-0.22990359], By, [-0.96562315], [-0.09943997], [-0.24017415], Bz, [-0.52986642], [0.84789963] , [-0.01754392]
Time, 01/02/2024 15:09:01, X, 178619018.90783784 , Y, 578144523.2937539  , Z, 97956043.66990143  , Lat, 0.16048963230787328  , Lon, 1.2711468800014556 , Alt, 606614505.7190342  , Bx, [-0.22669248], [0.94937653] , [0.21747351] , By, [0.53652803] , [-0.31581816], [0.78255771] , Bz, [0.9547857]  , [0.29487126] , [0.03788417]
Time, 01/02/2024 15:09:01, X, 182401504.51773244 , Y, 590663075.5819675  , Z, 158679876.64750153 , Lat, 0.25126192041841033  , Lon, 1.2712784818924951 , Alt, 631855042.2132175  , Bx, [0.10508189] , [-0.66746425], [-0.73719011], By, [-0.27468523], [-0.88494508], [-0.37605882], Bz, [0.12439907] , [0.15899739] , [0.97941039]
Time, 01/02/2024 15:09:02, X, 173729128.7531739  , Y, 607397251.8636124  , Z, 221492248.72464246 , Lat, 0.33720820352318515  , Lon, 1.2922119690594596 , Alt, 663085531.8180892  , Bx, [0.95400119] , [0.2734995]  , [0.12279967] , By, [-0.01920324], [-0.15588143], [0.98758909] , Bz, [-0.73834183], [0.35120601] , [0.5757653]
Time, 01/02/2024 15:09:03, X, 164260498.54321063 , Y, 624254783.229573   , Z, 270451358.3898347  , Lat, 0.39675805368770134  , Lon, 1.313498194551997  , Alt, 693500047.4234322  , Bx, [0.86340371] , [-0.49783712], [0.08180613] , By, [-0.66400746], [0.38791726] , [0.63922945] , Bz, [-0.42878219], [0.17590569] , [-0.88611682]
Time, 01/02/2024 15:09:04, X, 169656842.7381801  , Y, 631691907.1328747  , Z, 322850671.96056587 , Lat, 0.4585117362284665   , Lon, 1.3084128652454177 , Alt, 723047032.5509131  , Bx, [0.37716696] , [0.9101895]  , [0.17117287] , By, [-0.98432799], [0.12316617] , [0.12620819] , Bz, [0.77150855] , [-0.63478744], [-0.04265521]
Time, 01/02/2024 15:09:05, X, 166040656.87826163 , Y, 629071127.3800783  , Z, 371798462.73966265 , Lat, 0.5191674528193739   , Lon, 1.312735916984582  , Alt, 742984776.6077363  , Bx, [0.93918707] , [-0.23766606], [-0.24787595], By, [-0.48902869], [0.24860569] , [-0.8360898] , Bz, [-0.44710267], [-0.82101773], [-0.35500576]
Time, 01/02/2024 15:09:06, X, 159058662.14761743 , Y, 615554658.665941   , Z, 419146861.249464   , Lat, 0.5828652738439236   , Lon, 1.3179285475795588 , Alt, 755134933.7292194  , Bx, [0.07466779] , [-0.421617]  , [-0.90369454], By, [-0.22875197], [0.72762564] , [0.64670971] , Bz, [-0.32982869], [-0.93041632], [-0.15980768]
Time, 01/02/2024 15:09:07, X, 165352130.87319854 , Y, 604596003.0588074  , Z, 467746396.3102538  , Lat, 0.6410939625627055   , Lon, 1.303832691613123  , Alt, 775718729.7370819  , Bx, [-0.78571307], [0.5227735]  , [0.33070053] , By, [0.90134766] , [-0.38340954], [0.20141876] , Bz, [0.97330128] , [-0.22882613], [-0.01797839]
Time, 01/02/2024 15:09:08, X, 178219967.83168292 , Y, 589177798.998985   , Z, 510729286.10285795 , Lat, 0.6926031628592482   , Lon, 1.2770573573235557 , Alt, 793464757.7967801  , Bx, [-0.95113172], [-0.17292727], [0.25582143] , By, [0.86421874] , [-0.07778671], [-0.4970666] , Bz, [0.83196934] , [-0.33606652], [-0.4414593]
Time, 01/02/2024 15:09:09, X, 180196317.15943637 , Y, 565358994.126045   , Z, 549234652.0692569  , Lat, 0.7467808030250848   , Lon, 1.2622467297344606 , Alt, 802183393.9591666  , Bx, [0.02201959] , [0.95377032] , [0.29972873] , By, [-0.90703214], [0.42020668] , [-0.02681505], Bz, [-0.54168784], [-0.70341218], [-0.46020169]
Time, 01/02/2024 15:09:10, X, 183700440.19274104 , Y, 554379764.620407   , Z, 599878576.0051867  , Lat, 0.7987900753551341   , Lon, 1.250820934876109  , Alt, 830848852.3073825  , Bx, [-0.52845751], [0.66456582] , [0.5282849]  , By, [-0.3526791] , [-0.61194538], [-0.70791264], Bz, [-0.10890641], [0.70281833] , [0.70298349]
Time, 01/02/2024 15:09:11, X, 201444423.12521398 , Y, 538120914.6818314  , Z, 643494358.5135345  , Lat, 0.8419055161209031   , Lon, 1.2125975014721169 , Alt, 856321856.0414803  , Bx, [-0.41242554], [0.88778869] , [-0.20429494], By, [0.62251582] , [-0.71304617], [0.32255111] , Bz, [0.95127891] , [-0.10714458], [-0.28911672]
Time, 01/02/2024 15:09:12, X, 217925510.6391185  , Y, 510080144.5955169  , Z, 684000435.8443626  , Lat, 0.8894203956210698   , Lon, 1.1670317840707491 , Alt, 874270742.3295252  , Bx, [-0.20006274], [-0.08888605], [-0.97574288], By, [0.45212747] , [-0.4093527] , [0.79247153] , Bz, [0.309231]   , [-0.93035712], [-0.19700716]
Time, 01/02/2024 15:09:13, X, 231504558.88346088 , Y, 473402686.3298186  , Z, 718481894.5829169  , Lat, 0.9379660405422019   , Lon, 1.1159692315980763 , Alt, 884651276.4059112  , Bx, [0.98364082] , [0.00428208] , [-0.18008997], By, [0.32880059] , [0.70100778] , [-0.63283352], Bz, [-0.12796382], [-0.82896312], [-0.544468]
Time, 01/02/2024 15:09:14, X, 233121882.54316258 , Y, 449921446.389246   , Z, 748904903.1508722  , Lat, 0.9759292651035809   , Lon, 1.0927429834415492 , Alt, 897859984.873266   , Bx, [-0.91447567], [-0.38281684], [-0.13109354], By, [0.26299436] , [0.88454568] , [0.38524395] , Bz, [-0.63740485], [0.66839033] , [-0.38336592]
