Time, 01/02/2024 15:05:52, X, -297369.7369101366, Y, -3483106.470537965, Z, 5326272.763806465, Lat, 13.55635667, Lon, 80.02544433, Alt, 0, Bx, [0.07111624], [0.83298807], [0.54870152], By, [0.99637537], [-0.08506541], [0.], Bz, [0.04667552], [0.54671268], [-0.83601833]
Time, 01/02/2024 15:05:53, X, -297482.0032500565, Y, -3482843.8601207836, Z, 5326030.479598612, Lat, 0.9899982715695806, Lon, -1.6560030548404887, Alt, -340.8845040118322, Bx, [0.48036818], [0.6074823], [0.63262285], By, [0.469571], [-0.75226869], [0.46216328], Bz, [-0.31845032], [0.67674691], [-0.66377934]
Time, 01/02/2024 15:05:54, X, -298905.68359280395, Y, -3481638.3034345466, Z, 5325838.818254484, Lat, 0.9901234674836344, Lon, -1.6564383492758665, Alt, -1093.4856425886974, Bx, [0.39208901], [0.83991902], [-0.37523625], By, [-0.7216252], [0.18015653], [0.66843152], Bz, [-0.84040336], [0.53338291], [0.09604618]
Time, 01/02/2024 15:05:55, X, -302605.6936164651, Y, -3480635.5537193753, Z, 5328043.8065664675, Lat, 0.9904026269047834, Lon, -1.6575180505799931, Alt, 376.99938684981316, Bx, [0.45937447], [0.69559559], [-0.55237838], By, [-0.35671385], [-0.35123501], [0.86567268], Bz, [-0.64810974], [-0.13105795], [0.75018503]
Time, 01/02/2024 15:05:56, X, -310828.8558786708, Y, -3481069.361111697, Z, 5325890.825175096, Lat, 0.9900658154384782, Lon, -1.6598513504275516, Alt, -790.3051624968648, Bx, [0.74986647], [-0.13142101], [-0.64840481], By, [-0.25661194], [-0.7565101], [-0.60153369], Bz, [-0.72097882], [-0.31384037], [-0.61781369]
Time, 01/02/2024 15:05:57, X, -325441.72840340936, Y, -3487972.375548292, Z, 5323233.697880874, Lat, 0.9887608260722133, Lon, -1.6638309623164815, Alt, 1494.065389836207, Bx, [0.48330083], [0.70702896], [-0.51626579], By, [0.51335786], [0.26375673], [0.81663707], Bz, [-0.63853595], [-0.75754289], [-0.13564882]
Time, 01/02/2024 15:05:58, X, -347144.39397552557, Y, -3502935.2018044344, Z, 5312467.692110737, Lat, 0.9856074277202631, Lon, -1.6695748048220755, Alt, 1862.5623050816357, Bx, [0.29541356], [0.95514771], [-0.02058349], By, [0.84973128], [0.44802795], [0.27789875], Bz, [-0.44487452], [-0.68943176], [-0.57163845]
Time, 01/02/2024 15:05:59, X, -370603.0757391579, Y, -3535067.0540669644, Z, 5305137.285024572, Lat, 0.9804898009218892, Lon, -1.675250989992155, Alt, 14806.70937156491, Bx, [0.78729844], [0.48661465], [-0.37863882], By, [0.36274099], [-0.55844056], [-0.74603158], Bz, [-0.04299199], [-0.99465092], [0.09392142]
Time, 01/02/2024 15:06:00, X, -376454.51417446794, Y, -3549581.3323284434, Z, 5299471.282920948, Lat, 0.9780396668523544, Lon, -1.6764573864944055, Alt, 18494.621216978878, Bx, [0.82243518], [0.44058804], [0.35983684], By, [0.55461177], [0.05598064], [0.83022404], Bz, [0.79512059], [0.59248824], [0.12938677]
Time, 01/02/2024 15:06:01, X, -393371.6892043698, Y, -3583772.343802941, Z, 5319793.14815923, Lat, 0.9751846983972614, Lon, -1.6801233587940683, Alt, 55380.36823811289, Bx, [-0.17030169], [-0.30447787], [0.93717157], By, [0.60760614], [0.40635226], [0.68241675], Bz, [-0.08280596], [-0.38869266], [0.91763892]
Time, 01/02/2024 15:06:02, X, -388842.56658251764, Y, -3603295.314001293, Z, 5304686.750721707, Lat, 0.9714279032961327, Lon, -1.6782933831753928, Alt, 53534.005262372084, Bx, [0.96864145], [-0.10293809], [0.22613599], By, [0.13079266], [-0.98977571], [-0.05689752], Bz, [0.60507885], [0.38496125], [-0.69691062]
Time, 01/02/2024 15:06:03, X, -389366.1581862394, Y, -3673594.3064768324, Z, 5310037.190702466, Lat, 0.9629648477433969, Lon, -1.6763925985438766, Alt, 97647.16152945254, Bx, [0.67515292], [0.59331855], [0.43833964], By, [-0.85778344], [-0.28967018], [-0.424616], Bz, [-0.05380188], [-0.98117061], [0.18549825]
Time, 01/02/2024 15:06:04, X, -406241.6027988498, Y, -3786437.137388266, Z, 5301191.086487704, Lat, 0.9478537374115488, Lon, -1.6776761025332938, Alt, 156232.59664417896, Bx, [-0.49507898], [0.2293384], [0.83803383], By, [0.21411633], [0.00445642], [-0.976798], Bz, [-0.2478678], [-0.94372869], [-0.21894685]
Time, 01/02/2024 15:06:05, X, -416459.2240099624, Y, -3826098.6104209167, Z, 5285702.448290006, Lat, 0.9414372776483426, Lon, -1.6792164618412029, Alt, 167434.00469767023, Bx, [-0.6078861], [-0.03110812], [-0.79341463], By, [-0.53548725], [-0.53947476], [-0.64978488], Bz, [0.04339549], [0.98828865], [-0.14629553]
Time, 01/02/2024 15:06:06, X, -476370.90843076824, Y, -3905131.4354866836, Z, 5227986.496277834, Lat, 0.925694747417428, Lon, -1.6921824832620267, Alt, 171845.22024545725, Bx, [0.29404801], [-0.94940339], [0.11031303], By, [0.43389578], [-0.66714115], [0.60552221], Bz, [-0.72736746], [-0.09948012], [-0.67899947]
Time, 01/02/2024 15:06:07, X, -480019.9962550597, Y, -4009990.9099018257, Z, 5113997.362312954, Lat, 0.9023559854424454, Lon, -1.6899354222401026, Alt, 145395.8839257015, Bx, [0.16045382], [-0.75517281], [-0.63558524], By, [0.158423], [-0.8851093], [-0.43758849], Bz, [0.52073278], [-0.27914634], [-0.80679284]
Time, 01/02/2024 15:06:08, X, -458686.8328905382, Y, -4036978.976060947, Z, 4986453.957765432, Lat, 0.8870970002564353, Lon, -1.6839324449707869, Alt, 61131.52358841244, Bx, [-0.55685424], [0.0217031], [0.83032664], By, [-0.12348302], [-0.26602966], [0.9560231], Bz, [0.44846087], [0.80884011], [-0.38034264]
Time, 01/02/2024 15:06:09, X, -506599.92351815506, Y, -4135435.3065562034, Z, 4778225.9129673755, Lat, 0.8536992898122109, Lon, -1.6926911978213859, Alt, -31448.633178124204, Bx, [-0.3327188], [0.66044487], [0.67313503], By, [0.08883995], [-0.88852987], [0.45013569], Bz, [-0.4915063], [-0.46969281], [-0.73335545]
Time, 01/02/2024 15:06:10, X, -565204.7860079403, Y, -4114051.2015890297, Z, 4612532.0094261095, Lat, 0.8378116495477731, Lon, -1.707325634144592, Alt, -164525.53558762465, Bx, [-0.32190143], [0.59426721], [0.73703864], By, [-0.7574435], [-0.17451774], [0.62914458], Bz, [-0.22244008], [0.95687203], [0.18685914]
Time, 01/02/2024 15:06:11, X, -632992.5665008267, Y, -4212488.197705564, Z, 4547665.910560991, Lat, 0.8180730329660616, Lon, -1.7199461358482893, Alt, -139868.3500400586, Bx, [0.99585912], [-0.08661158], [0.02762336], By, [0.68433273], [0.54191569], [-0.48786893], Bz, [-0.00213396], [-0.55512111], [0.83176679]
Time, 01/02/2024 15:06:12, X, -808841.6307758102, Y, -4385545.272161575, Z, 4406670.424846405, Lat, 0.7794385228889327, Lon, -1.7531803212120582, Alt, -101552.14942569192, Bx, [-0.56008297], [-0.20674006], [0.80222542], By, [-0.51469269], [0.85666429], [-0.03489606], Bz, [-0.74140406], [-0.63958568], [-0.20310137]
Time, 01/02/2024 15:06:13, X, -925925.6331601279, Y, -4643650.232831389, Z, 4153471.235407005, Lat, 0.7200595719206193, Lon, -1.7676111227789404, Alt, -72416.90009797551, Bx, [0.6650394], [0.72946352], [0.16001742], By, [-0.78432979], [0.59505199], [-0.17532803], Bz, [0.16012062], [-0.67761552], [-0.71777336]
Time, 01/02/2024 15:06:14, X, -1138399.9824037612, Y, -4880581.813545913, Z, 4121287.18255261, Lat, 0.6882219389223767, Lon, -1.7999500586624464, Alt, 117531.52876091283, Bx, [-0.66843645], [-0.42472966], [-0.6105714], By, [0.67839263], [0.46455498], [-0.56918548], Bz, [-0.36994646], [0.00069459], [0.92905282]
Time, 01/02/2024 15:06:15, X, -1169287.4557154851, Y, -5196676.119109309, Z, 4081436.4626569827, Lat, 0.653811806649496, Lon, -1.7921172399176637, Alt, 339499.19452498946, Bx, [-0.84538471], [-0.35984194], [-0.39476381], By, [0.8135941], [0.25797717], [-0.52106854], Bz, [0.89294797], [-0.33451659], [0.30123507]
Time, 01/02/2024 15:06:16, X, -1094035.1997767258, Y, -5393288.669507995, Z, 3894515.6496646856, Lat, 0.6158688104896347, Lon, -1.7709319374541614, Alt, 370789.6612455193, Bx, [-0.95646101], [0.27073681], [-0.10901335], By, [0.74974936], [-0.63748152], [-0.17746323], Bz, [0.67357356], [0.49079138], [-0.55265041]
Time, 01/02/2024 15:06:17, X, -1057180.6030908073, Y, -5467289.008329711, Z, 3903672.2507853, Lat, 0.611410091193157, Lon, -1.7618037089687029, Alt, 429554.1663680235, Bx, [-0.28026117], [-0.93926467], [0.19807968], By, [0.48938811], [-0.04238081], [0.87103567], Bz, [0.11448624], [0.66828951], [0.73503879]
Time, 01/02/2024 15:06:18, X, -826945.5172667375, Y, -5467707.35796638, Z, 4024933.9243093124, Lat, 0.6291743242041282, Lon, -1.7209004580185132, Alt, 468572.7743729139, Bx, [0.99077492], [0.13340741], [-0.02382267], By, [-0.07680324], [-0.63030037], [-0.77254301], Bz, [0.67835834], [0.45926185], [0.57350547]
Time, 01/02/2024 15:06:19, X, -523776.55904835823, Y, -5413125.643283908, Z, 3851303.7550738044, Lat, 0.6161865792424183, Lon, -1.6672565016498284, Alt, 292993.6770402137, Bx, [0.85940992], [-0.51036334], [-0.03072207], By, [-0.0184875], [0.74416446], [0.66774058], Bz, [0.47837392], [0.38872509], [-0.7874333]
Time, 01/02/2024 15:06:20, X, -167205.00974816747, Y, -5252672.765210741, Z, 4011606.760511353, Lat, 0.6519842567867479, Lon, -1.6026179489049213, Alt, 240468.6337191332, Bx, [-0.41534445], [-0.75746875], [0.50371626], By, [-0.12166173], [0.52645904], [-0.84145071], Bz, [0.30621668], [0.52031881], [0.79718234]
Time, 01/02/2024 15:06:21, X, 447666.49414042383, Y, -5070904.0644883355, Z, 3974783.011488803, Lat, 0.6629262002736734, Lon, 1.658849446718716, Alt, 87589.1113803098, Bx, [-0.00792391], [-0.99332297], [0.11509423], By, [-0.36750364], [0.47176706], [0.8014842], Bz, [0.89640719], [0.19813679], [-0.39647945]
Time, 01/02/2024 15:06:22, X, 1028384.6408346094, Y, -5168644.5886446675, Z, 3772059.439054943, Lat, 0.6212292868824856, Lon, 1.7671974773754315, Alt, 109809.692082759, Bx, [-0.24562358], [-0.16934065], [0.95445943], By, [0.80699992], [-0.55945185], [0.18911574], Bz, [0.13997713], [-0.79181369], [-0.59450609]
Time, 01/02/2024 15:06:23, X, 1509243.6763455414, Y, -4991861.244631642, Z, 3375856.9931864734, Lat, 0.5744978819728305, Lon, 1.8643993232522933, Alt, -158681.1415792266, Bx, [0.42794919], [-0.69243211], [-0.58085907], By, [0.2041771], [-0.34848563], [0.91480571], Bz, [-0.33845803], [0.59386058], [-0.72991491]
Time, 01/02/2024 15:06:24, X, 1665979.0646453183, Y, -4812082.464150303, Z, 3091013.981817588, Lat, 0.5455480341178334, Lon, 1.9040885445533384, Alt, -413988.05428332556, Bx, [-0.78036856], [-0.0303215], [-0.62458428], By, [-0.24955295], [0.51887329], [-0.81761472], Bz, [-0.98139086], [0.18949855], [0.0310207]
Time, 01/02/2024 15:06:25, X, 1554440.4887912783, Y, -4546827.835355541, Z, 2844108.75752617, Lat, 0.5344287691192076, Lon, 1.900213345910728, Alt, -787194.5572759546, Bx, [-0.75146494], [0.58812396], [0.29901615], By, [-0.40434097], [0.91191665], [0.07011701], Bz, [-0.95637338], [0.25798902], [0.13708257]
Time, 01/02/2024 15:06:26, X, 1440346.9877850793, Y, -3997982.6215619645, Z, 2833859.0305463555, Lat, 0.5881398014579494, Lon, 1.916589534346948, Alt, -1263239.0920734983, Bx, [-0.18016511], [0.84483949], [-0.50377254], By, [-0.71870699], [-0.67656207], [0.16038711], Bz, [-0.34788029], [0.69974961], [0.62396297]
Time, 01/02/2024 15:06:27, X, 1846619.1680533814, Y, -3566617.0244899807, Z, 2764128.0532015935, Lat, 0.6027798185279443, Lon, 2.0485436006398894, Alt, -1495432.007888726, Bx, [0.16147799], [-0.98660571], [-0.0231093], By, [0.8668143], [0.01087537], [0.49851248], Bz, [0.99645217], [-0.06189398], [0.0570282]
Time, 01/02/2024 15:06:28, X, 1843334.5245198752, Y, -3510544.056760478, Z, 2638376.706962466, Lat, 0.5871281941902199, Lon, 2.054310071339366, Alt, -1608350.1712192474, Bx, [-0.09628889], [0.31196543], [-0.94520158], By, [-0.94325496], [-0.33187753], [-0.01128609], Bz, [-0.54062877], [-0.84053736], [-0.03489259]
Time, 01/02/2024 15:06:29, X, 2366192.267665373, Y, -3526437.818723144, Z, 2806442.82766101, Lat, 0.5839645365316977, Lon, 2.161783643720778, Alt, -1280739.6056969566, Bx, [0.41920998], [-0.33343005], [-0.84444502], By, [0.95771136], [0.27175783], [-0.09453376], Bz, [0.7552472], [-0.34379894], [0.5580358]
Time, 01/02/2024 15:06:30, X, 2300664.485818052, Y, -3163324.6505351583, Z, 2957592.385227106, Lat, 0.6474135295289095, Lon, 2.1996059988204433, Alt, -1467222.6153564854, Bx, [-0.68028162], [-0.56181056], [-0.47072903], By, [-0.70870898], [0.6296397], [-0.31825374], Bz, [-0.81560497], [0.5684041], [0.10819111]
Time, 01/02/2024 15:06:31, X, 2797711.7808320858, Y, -3023124.002046404, Z, 2679956.202220348, Lat, 0.5768157293735644, Lon, 2.3174887694747834, Alt, -1456873.914298187, Bx, [-0.09300034], [0.99457873], [0.04651968], By, [-0.97431492], [0.08038287], [0.21035455], Bz, [0.69371326], [-0.2288644], [-0.68292239]
Time, 01/02/2024 15:06:32, X, 3175766.9144850727, Y, -2230203.6701595313, Z, 2408009.5028120806, Lat, 0.5553712165013813, Lon, 2.5293537144274154, Alt, -1803964.4547951715, Bx, [0.53404422], [-0.44062764], [0.72155669], By, [0.31563908], [-0.85023899], [0.4212667], Bz, [0.01921997], [0.97887681], [-0.20354551]
Time, 01/02/2024 15:06:33, X, 3886451.7424564594, Y, -1000372.1780677647, Z, 2011484.561513843, Lat, 0.46462733315781923, Lon, 2.8896616230718055, Alt, -1881977.6362437857, Bx, [-0.58653225], [-0.62058866], [-0.52043216], By, [-0.10508127], [-0.61583902], [0.78083303], Bz, [0.46083398], [0.86593862], [-0.1943768]
Time, 01/02/2024 15:06:34, X, 4735716.631180087, Y, -601480.0430409912, Z, 1592522.7856131303, Lat, 0.3219898282999578, Lon, 3.015259765406047, Alt, -1338612.9843076188, Bx, [-0.84480405], [-0.4000256], [0.35536691], By, [0.77613589], [-0.01284414], [0.63043486], Bz, [0.39551406], [-0.90807668], [-0.13771484]
Time, 01/02/2024 15:06:35, X, 5331105.845451985, Y, 654057.7439796751, Z, 1191980.4231500768, Lat, 0.21838638351741357, Lon, 0.12207700132420879, Alt, -869245.8799901698, Bx, [0.419305], [0.02650513], [-0.90745843], By, [0.59942295], [0.00839156], [0.80038847], Bz, [-0.34052283], [0.93065893], [0.13385874]
Time, 01/02/2024 15:06:36, X, 5637138.657568186, Y, 2396517.161127134, Z, 581966.202087385, Lat, 0.09472422631497768, Lon, 0.401980814099861, Alt, -218007.93039690983, Bx, [-0.60511122], [-0.77924991], [-0.16312567], By, [0.4025741], [-0.19941626], [-0.89340207], Bz, [-0.42078939], [0.86838996], [-0.26236456]
Time, 01/02/2024 15:06:37, X, 6590913.978307424, Y, 3658882.6594424937, Z, 613230.6074860977, Lat, 0.08116878577400355, Lon, 0.5067812112811477, Alt, 1192307.554435092, Bx, [0.16598606], [0.47294217], [-0.86531747], By, [0.7644965], [0.52632126], [-0.37219758], Bz, [0.66752066], [-0.31338317], [0.6754311]
Time, 01/02/2024 15:06:38, X, 7909558.46457878, Y, 5416189.653706025, Z, 69864.05061380751, Lat, 0.0072878132629699, Lon, 0.600427858935368, Alt, 3215506.4781217463, Bx, [0.27744223], [-0.48261223], [0.83072935], By, [0.94250005], [0.00024188], [-0.33420591], Bz, [0.76670998], [0.43204261], [-0.47486312]
Time, 01/02/2024 15:06:40, X, 9927324.689987514, Y, 7301290.650249805, Z, -68447.52553137334, Lat, -0.005554317493543515, Lon, 0.6341395613854675, Alt, 5952364.221007682, Bx, [0.9077192], [0.41085244], [0.08512415], By, [0.70919711], [0.19920409], [-0.67628189], Bz, [0.92330116], [0.18876455], [0.33448904]
Time, 01/02/2024 15:06:41, X, 11854768.317667168, Y, 8327750.638771142, Z, 271112.85027835553, Lat, 0.018711417227762484, Lon, 0.6123891891691209, Alt, 8119012.586078193, Bx, [-0.10917303], [-0.98177122], [-0.15558445], By, [0.4381146], [0.56423804], [-0.69977927], Bz, [0.19601334], [-0.77896989], [0.59563805]
Time, 01/02/2024 15:06:42, X, 12817569.821953697, Y, 9861288.449820949, Z, 51996.63818924106, Lat, 0.003215205770273677, Lon, 0.6557749940802232, Alt, 9801130.647555787, Bx, [-0.91065616], [-0.22727805], [0.34503629], By, [0.64739967], [-0.72091229], [-0.24730374], Bz, [-0.90493717], [0.18225054], [-0.38454318]
Time, 01/02/2024 15:06:43, X, 14761611.798952918, Y, 11945768.944334544, Z, -327959.7524996488, Lat, -0.017268736156758724, Lon, 0.6803531142190925, Alt, 12621475.777888287, Bx, [-0.61935335], [0.47809618], [-0.62275635], By, [-0.2473784], [-0.63988948], [-0.72756125], Bz, [0.70934377], [0.65454981], [-0.26152623]
Time, 01/02/2024 15:06:44, X, 16210282.673883423, Y, 13460429.692380559, Z, 286782.07015540876, Lat, 0.013609902168969512, Lon, 0.692983122022892, Alt, 14701225.222469691, Bx, [0.68188986], [-0.73024446], [-0.04206234], By, [-0.29144086], [-0.8576272], [-0.42371903], Bz, [-0.3408852], [-0.40704041], [0.84741689]
Time, 01/02/2024 15:06:45, X, 17798758.95151558, Y, 14922421.050026475, Z, -390904.38792130427, Lat, -0.016828449243905474, Lon, 0.6977190703184841, Alt, 16858878.95898137, Bx, [0.85688032], [0.50316516], [0.11216484], By, [0.95308399], [-0.29927476], [-0.04544814], Bz, [-0.09503679], [-0.24256501], [-0.96546891]
Time, 01/02/2024 15:06:46, X, 18438359.32372989, Y, 16433062.639000053, Z, -1536953.8546470057, Lat, -0.06214835360975357, Lon, 0.7279559793775042, Alt, 18375330.422904942, Bx, [-0.11048796], [-0.75250987], [-0.64924672], By, [-0.0471687], [-0.94782255], [-0.31528958], Bz, [-0.78828091], [-0.0242758], [-0.61483648]
Time, 01/02/2024 15:06:47, X, 18730092.288114745, Y, 17932178.58132778, Z, -1492246.3489704628, Lat, -0.05748500607717588, Lon, 0.7636377066155158, Alt, 19602182.033781342, Bx, [0.21752177], [-0.92905851], [0.29922327], By, [0.89622126], [-0.04953846], [-0.44083261], Bz, [-0.56877413], [-0.07210656], [0.81932694]
Time, 01/02/2024 15:06:48, X, 18531667.057777874, Y, 20252076.10191585, Z, -2577244.2302522818, Lat, -0.09361012657411272, Lon, 0.829728127575926, Alt, 21200932.43500516, Bx, [0.44780181], [0.32412006], [-0.8333185], By, [-0.92449569], [0.29496205], [-0.24146452], Bz, [-0.57266969], [0.58571444], [-0.57357478]
Time, 01/02/2024 15:06:49, X, 18218218.622567944, Y, 21642947.94968996, Z, -4343819.077787949, Lat, -0.15235651582919063, Lon, 0.8711041285677723, Alt, 22250485.808972683, Bx, [0.93454337], [-0.29452109], [-0.19971484], By, [-0.24608544], [-0.57259256], [0.78203562], Bz, [-0.38857913], [-0.54901133], [-0.73999515]
Time, 01/02/2024 15:06:50, X, 19241431.13698317, Y, 22743627.53562835, Z, -5992304.658312641, Lat, -0.19849591122554044, Lon, 0.8686207992812565, Alt, 24016711.016078405, Bx, [0.66059968], [0.02400395], [0.7503545], By, [-0.62875561], [-0.09618429], [0.77163137], Bz, [0.90033516], [-0.42774949], [-0.08016847]
Time, 01/02/2024 15:06:51, X, 18987651.436932143, Y, 24510424.79231752, Z, -6655977.587558754, Lat, -0.21146679979167038, Lon, 0.9116883643708974, Alt, 25340100.07925252, Bx, [-0.76141137], [0.5410569], [-0.35708564], By, [-0.46385095], [0.86884862], [-0.17304441], Bz, [-0.64054487], [0.38244092], [0.66591382]
Time, 01/02/2024 15:06:52, X, 18923201.103706233, Y, 26871831.669630457, Z, -8666027.510518193, Lat, -0.25780866631397004, Lon, 0.9572557048237487, Alt, 27618452.924478225, Bx, [0.45638733], [-0.39602656], [0.79678954], By, [-0.05036226], [0.59480956], [0.8022875], Bz, [-0.11300533], [0.6313692], [-0.76720449]
Time, 01/02/2024 15:06:53, X, 19960899.296184935, Y, 29149113.27847342, Z, -9497618.058491737, Lat, -0.2626272645567884, Lon, 0.9703543707902363, Alt, 30211961.258196414, Bx, [-0.08949533], [0.91352881], [-0.39680688], By, [-0.34413437], [0.93376432], [0.09826358], Bz, [0.77655257], [0.06010336], [0.62717915]
Time, 01/02/2024 15:06:54, X, 21864477.585659645, Y, 31436359.791185997, Z, -10063405.17414889, Lat, -0.25699359275901923, Lon, 0.9630863943795517, Alt, 33221577.848806404, Bx, [-0.68014672], [0.47070446], [0.56199443], By, [0.51447531], [-0.54771437], [-0.65979097], Bz, [0.95833469], [-0.09582098], [0.26909658]
Time, 01/02/2024 15:06:55, X, 23867106.87168245, Y, 35297341.0843557, Z, -11103166.521527711, Lat, -0.2549127923647725, Lon, 0.9762413005651397, Alt, 37661049.519122206, Bx, [0.90934571], [-0.36991893], [-0.19039531], By, [0.01626474], [-0.92280405], [-0.38492615], Bz, [0.30192475], [0.93084424], [-0.20584082]
Time, 01/02/2024 15:06:56, X, 25592987.81950484, Y, 39678522.27815788, Z, -10751679.429373048, Lat, -0.2238931320402271, Lon, 0.9979380108827419, Alt, 42054042.75950201, Bx, [0.93473809], [0.34833452], [-0.07019811], By, [-0.57279893], [0.13178944], [-0.8090321], Bz, [-0.08653519], [0.65787075], [0.74814286]
Time, 01/02/2024 15:06:57, X, 27577226.92024244, Y, 42799108.096101254, Z, -12060427.05700518, Lat, -0.2325899406710088, Lon, 0.9984094936482975, Alt, 45952235.74884916, Bx, [0.94548405], [-0.19523122], [-0.26066199], By, [-0.99077694], [-0.0165261], [0.13449143], Bz, [0.10666851], [-0.62974846], [-0.76944051]
Time, 01/02/2024 15:06:58, X, 30263967.60288729, Y, 47603708.90730562, Z, -12272086.981169036, Lat, -0.21421595673988003, Lon, 1.004505346806773, Alt, 51357891.86251091, Bx, [0.68186729], [-0.15335149], [-0.71522047], By, [-0.15515902], [0.18408505], [0.97058661], Bz, [0.40279749], [0.77761648], [0.48276991]
Time, 01/02/2024 15:06:59, X, 31878393.192032747, Y, 53184391.14085219, Z, -13489362.647647908, Lat, -0.21420973601042026, Lon, 1.0308226964463238, Alt, 57085869.74763848, Bx, [-0.82446682], [-0.09302891], [-0.5582115], By, [0.40070992], [0.39145645], [-0.82836792], Bz, [-0.45799525], [0.72309406], [-0.51708349]
Time, 01/02/2024 15:07:00, X, 31914369.921215292, Y, 58073623.369945444, Z, -14534262.302096605, Lat, -0.2159157909125453, Lon, 1.0682985360828239, Alt, 61469382.65995109, Bx, [0.28110791], [-0.16418928], [0.94552643], By, [0.9715988], [0.23044672], [-0.05375948], Bz, [-0.97896308], [-0.20203437], [-0.02852021]
Time, 01/02/2024 15:07:01, X, 34434490.99815269, Y, 64011508.59657593, Z, -15284790.841593018, Lat, -0.20726624234826208, Lon, 1.0772576608024327, Alt, 67904381.07733019, Bx, [0.10067247], [0.54815301], [0.83029713], By, [-0.93964604], [-0.29849565], [-0.16722939], Bz, [0.91715914], [0.38738809], [0.09353923]
Time, 01/02/2024 15:07:02, X, 36894084.6271285, Y, 69470699.57799296, Z, -14545049.189446274, Lat, -0.18284573061160647, Lon, 1.082599620938865, Alt, 73622187.43651164, Bx, [0.72019944], [0.27741309], [0.63588894], By, [0.39872547], [0.24315332], [-0.88424796], Bz, [0.31209032], [-0.15353218], [0.93756466]
Time, 01/02/2024 15:07:03, X, 40252221.89627699, Y, 73780179.22563052, Z, -13514588.178764071, Lat, -0.15943480633437668, Lon, 1.0713609469422671, Alt, 78754791.08469343, Bx, [0.51908892], [-0.81934021], [0.24336869], By, [-0.03464467], [-0.90883387], [-0.41571714], Bz, [0.556009], [-0.71098417], [0.43052933]
Time, 01/02/2024 15:07:04, X, 41700578.42476115, Y, 79658702.3665151, Z, -12762386.70118628, Lat, -0.14099875994155742, Lon, 1.0885333575100242, Alt, 84443787.44118333, Bx, [0.59725243], [-0.47233086], [0.64822303], By, [-0.81990659], [-0.45003824], [-0.35386264], Bz, [-0.84105314], [0.54061907], [-0.01899022]
Time, 01/02/2024 15:07:05, X, 44844094.493487366, Y, 84063315.05903736, Z, -10434088.102200028, Lat, -0.1090789452843346, Lon, 1.080743367589267, Alt, 89475251.59170426, Bx, [0.15688808], [0.029844], [-0.98716537], By, [-0.29698131], [-0.92627793], [-0.23197262], Bz, [0.48898824], [-0.54407188], [0.68181838]
Time, 01/02/2024 15:07:06, X, 46483096.8960825, Y, 87572681.67200696, Z, -9889437.742616067, Lat, -0.099418757790243, Lon, 1.0828176921003645, Alt, 93265608.99058308, Bx, [0.31676507], [0.40827313], [0.85613839], By, [0.27068264], [0.45937437], [-0.84599415], Bz, [-0.52973193], [-0.62358115], [-0.57491794]
Time, 01/02/2024 15:07:07, X, 49096347.7762688, Y, 89608148.29847176, Z, -9126726.169265836, Lat, -0.08908656945222182, Lon, 1.0695664576570763, Alt, 96212472.046027, Bx, [-0.63779232], [-0.5933622], [0.49106237], By, [-0.51475242], [0.35456062], [-0.78058741], Bz, [0.32069394], [-0.93667447], [-0.14069944]
Time, 01/02/2024 15:07:08, X, 51037537.789359316, Y, 93980315.90307865, Z, -6998847.217064243, Lat, -0.06535053099897237, Lon, 1.0732921132555826, Alt, 100802289.13125016, Bx, [-0.18749423], [0.74891641], [-0.63558644], By, [-0.91460345], [0.40435019], [-0.00120567], Bz, [-0.21769993], [0.71954882], [0.6594363]
Time, 01/02/2024 15:07:09, X, 52813830.51960412, Y, 97310842.18309657, Z, -7717067.708467857, Lat, -0.06958702888281021, Lon, 1.073549301203493, Alt, 104616629.19602379, Bx, [0.95484794], [-0.2795842], [-0.10048924], By, [-0.4917944], [0.44958167], [-0.74566386], Bz, [-0.23994081], [-0.20855053], [-0.94812187]
Time, 01/02/2024 15:07:10, X, 54315342.50832777, Y, 100308750.98708034, Z, -10131115.686935514, Lat, -0.08858234742589466, Lon, 1.0745166732047184, Alt, 108148175.08193603, Bx, [0.01810977], [0.99964471], [-0.0195572], By, [0.05806011], [-0.5589186], [-0.82718742], Bz, [-0.16007104], [-0.22076363], [-0.96210222]
Time, 01/02/2024 15:07:11, X, 57115169.00745714, Y, 101794446.04794207, Z, -12568082.106685663, Lat, -0.10726120677014617, Lon, 1.0594836658972655, Alt, 111026651.01908204, Bx, [-0.7785091], [0.33414097], [-0.53129408], By, [0.9380342], [0.12713818], [0.32237823], Bz, [0.48748405], [-0.78557808], [-0.3810858]
Time, 01/02/2024 15:07:12, X, 60851073.49379419, Y, 102309664.6367346, Z, -14399475.149817547, Lat, -0.12038016213823921, Lon, 1.0342287315410967, Alt, 113535069.5211817, Bx, [0.0964242], [0.98778742], [0.12238625], By, [0.32072669], [-0.58005439], [0.74877987], Bz, [0.57177502], [-0.79037523], [0.21995526]
Time, 01/02/2024 15:07:13, X, 63678981.79927671, Y, 104543932.64271803, Z, -14100751.77708138, Lat, -0.1146864105664549, Lon, 1.0237036268543158, Alt, 116849443.82356623, Bx, [0.19041196], [-0.50320541], [-0.84292799], By, [-0.20774093], [-0.52778776], [-0.82357986], Bz, [-0.21165992], [0.44853382], [0.8683418]
Time, 01/02/2024 15:07:14, X, 66889688.59288552, Y, 108667893.83914387, Z, -13480311.435338281, Lat, -0.10525086346932544, Lon, 1.0190269583033797, Alt, 121943692.7981451, Bx, [0.18444184], [0.93513781], [0.30248717], By, [-0.36134877], [0.79386996], [-0.48907828], Bz, [0.03896018], [0.91878799], [0.39282405]
Time, 01/02/2024 15:07:15, X, 67914816.38097124, Y, 113970017.84299935, Z, -13617937.491650347, Lat, -0.10228621632592216, Lon, 1.0333964503820503, Alt, 126997045.17095213, Bx, [-0.5717781], [-0.21524008], [0.79167008], By, [-0.59620497], [-0.13549195], [-0.79131635], Bz, [-0.71413844], [0.68246739], [-0.1557066]
Time, 01/02/2024 15:07:16, X, 69287047.91811724, Y, 117088540.18240263, Z, -11229539.072027069, Lat, -0.08235130124933776, Lon, 1.0364656930974738, Alt, 130144654.0438633, Bx, [0.24287435], [-0.68976901], [0.68207826], By, [0.87505641], [0.18813435], [0.44596161], Bz, [-0.12679563], [-0.53509584], [0.83522171]
Time, 01/02/2024 15:07:17, X, 70208948.45401014, Y, 122846607.56933756, Z, -7798739.136213824, Lat, -0.05506134369367377, Lon, 1.0515834072923425, Alt, 135337876.8088555, Bx, [0.73278393], [-0.04125053], [0.67920991], By, [0.39452016], [-0.9161007], [0.07150771], Bz, [-0.22512665], [0.70101808], [0.67667691]
Time, 01/02/2024 15:07:18, X, 68791561.20391952, Y, 128481431.8565143, Z, -5615156.959880169, Lat, -0.03850989762117285, Lon, 1.0792156414836256, Alt, 139475793.63104567, Bx, [-0.82705573], [-0.55985159], [0.05044817], By, [-0.58656104], [-0.0833636], [-0.80560329], Bz, [-0.92913183], [0.20825141], [-0.30552479]
Time, 01/02/2024 15:07:19, X, 66248991.050837755, Y, 132943007.50329387, Z, -1171901.1716375574, Lat, -0.007889544650681701, Lon, 1.1084886100884357, Alt, 142169046.4912776, Bx, [-0.54876787], [-0.81070607], [0.20398407], By, [-0.89195005], [-0.45125289], [0.0282123], Bz, [-0.67588337], [-0.35927082], [0.6435108]
Time, 01/02/2024 15:07:20, X, 62721444.7016469, Y, 135200666.1131525, Z, 2292098.433505239, Lat, 0.015377773792968785, Lon, 1.136432177406744, Alt, 142687557.14493808, Bx, [0.22401795], [0.97304507], [0.05476549], By, [-0.10043742], [0.94435332], [-0.31322378], Bz, [-0.58003739], [-0.80018596], [-0.15250917]
Time, 01/02/2024 15:07:21, X, 60500919.471633755, Y, 136776800.60828644, Z, 3698999.562614305, Lat, 0.024727471163318526, Lon, 1.1543363784236018, Alt, 143234939.18463355, Bx, [0.41383247], [0.59386209], [0.68997863], By, [0.38454207], [0.5980253], [0.70320206], Bz, [0.26410152], [-0.56391045], [-0.7824675]
Time, 01/02/2024 15:07:22, X, 57899343.45919626, Y, 136012916.00445196, Z, 5575069.93711708, Lat, 0.03769645051214998, Lon, 1.168341355692474, Alt, 141557796.03999966, Bx, [0.96993196], [0.07170501], [0.23257341], By, [0.99285591], [-0.11356893], [0.03659557], Bz, [0.07576683], [-0.99186871], [-0.10225381]
Time, 01/02/2024 15:07:23, X, 52978910.39931427, Y, 134320338.07244813, Z, 6595248.967464095, Lat, 0.0456446373359225, Lon, 1.1951077097523166, Alt, 138170397.10110098, Bx, [-0.39504075], [0.13578096], [0.90857379], By, [-0.18112867], [-0.23073042], [0.9560104], Bz, [-0.72910359], [-0.61120461], [-0.30795598]
Time, 01/02/2024 15:07:24, X, 48889230.95812594, Y, 129899418.98958114, Z, 7491488.868917124, Lat, 0.05392293317262631, Lon, 1.2108319351834913, Alt, 132625900.55170599, Bx, [-0.24359563], [-0.03755021], [0.96914971], By, [0.26244411], [-0.07138283], [0.96230327], Bz, [0.04052166], [-0.9925255], [-0.11511355]
Time, 01/02/2024 15:07:25, X, 43160986.35201417, Y, 128492027.31892432, Z, 11127637.935197033, Lat, 0.0819104482836619, Lon, 1.2467339565404125, Alt, 129632294.64179456, Bx, [0.44173717], [0.54209318], [0.71484492], By, [0.82746711], [-0.36397968], [0.42757102], Bz, [-0.32263092], [0.49306185], [0.80795996]
Time, 01/02/2024 15:07:26, X, 37250031.53919233, Y, 123509078.5342137, Z, 14807692.376555538, Lat, 0.1142844986723095, Lon, 1.2778745646232619, Alt, 123480165.12207386, Bx, [0.38134667], [0.04065067], [0.92353789], By, [0.34582311], [0.90896407], [0.23278897], Bz, [-0.15409531], [-0.90414583], [0.39846574]
Time, 01/02/2024 15:07:27, X, 33428369.57497033, Y, 117826739.81857401, Z, 15993149.548789995, Lat, 0.12984622998013418, Lon, 1.2943526673417907, Alt, 117145708.75312659, Bx, [0.89631026], [-0.4363963], [-0.07865226], By, [-0.40650718], [-0.85369165], [-0.32551878], Bz, [0.50508956], [-0.52905139], [-0.68190114]
Time, 01/02/2024 15:07:28, X, 26398207.718302485, Y, 111298919.53066601, Z, 15691066.09074763, Lat, 0.1363247958501752, Lon, 1.337916654762572, Alt, 109086890.22191824, Bx, [0.29530956], [-0.95520231], [-0.01951432], By, [0.92468627], [-0.36320811], [-0.11417171], Bz, [-0.7257949], [-0.32733091], [-0.60504235]
Time, 01/02/2024 15:07:29, X, 20637177.60425586, Y, 107178245.70307599, Z, 13224271.77524279, Lat, 0.12057248443302715, Lon, 1.3805743256627627, Alt, 103574217.33774512, Bx, [-0.24478928], [0.79436992], [-0.55592683], By, [0.75195293], [0.20145081], [-0.62768174], Bz, [0.1777594], [0.53007358], [-0.82911013]
Time, 01/02/2024 15:07:30, X, 18118359.015105113, Y, 104169723.68926032, Z, 11693897.724113453, Lat, 0.11015002791404727, Lon, 1.398587945024754, Alt, 100007350.76216921, Bx, [0.59517906], [0.02012643], [0.80334103], By, [0.76925444], [-0.63012573], [-0.10577885], Bz, [0.86554725], [0.49672], [-0.06400931]
Time, 01/02/2024 15:07:31, X, 12826652.55781002, Y, 97149822.07956539, Z, 9490188.962712575, Lat, 0.09654458466753324, Lon, 1.439525969181126, Alt, 92080382.07500176, Bx, [0.44469828], [0.77475798], [0.44943688], By, [0.55457382], [-0.82253358], [-0.12604123], Bz, [-0.42684425], [-0.883726], [-0.19191757]
Time, 01/02/2024 15:07:32, X, 7967683.328918894, Y, 88679783.23051283, Z, 4588603.069724261, Lat, 0.051490357958418054, Lon, 1.4811891328463187, Alt, 82784163.67307144, Bx, [0.55602055], [0.83054771], [-0.03211935], By, [-0.94695673], [0.15446623], [-0.28180337], Bz, [-0.05018056], [-0.63184858], [-0.77346576]
Time, 01/02/2024 15:07:33, X, 1823696.0318314852, Y, 84583782.83599672, Z, 107595.87257107347, Lat, 0.001271766415338993, Lon, 1.549238843124071, Alt, 78232509.16442749, Bx, [-0.40901208], [0.48322878], [-0.77407949], By, [0.16594399], [0.59049344], [0.7897975], Bz, [-0.32123588], [0.94006826], [-0.11436425]
Time, 01/02/2024 15:07:34, X, -1932155.2461534985, Y, 75771595.96521743, Z, -3384043.1043673265, Lat, -0.044616961112919684, Lon, -1.545302121491817, Alt, 69500732.06632103, Bx, [0.17098397], [0.63637539], [-0.7521907], By, [0.00951413], [0.75551796], [0.65505885], Bz, [0.51486812], [-0.82299015], [0.23999591]
Time, 01/02/2024 15:07:35, X, -9165163.76868372, Y, 67663521.42214148, Z, -4333972.684466374, Lat, -0.06338717868944266, Lon, -1.4361636509281075, Alt, 62047825.460403025, Bx, [-0.27071795], [0.75372841], [0.5988366], By, [-0.80041564], [0.54382459], [-0.25216982], Bz, [-0.68592614], [-0.10157246], [0.72054727]
Time, 01/02/2024 15:07:36, X, -13997631.734097797, Y, 56742916.88855834, Z, -9459696.064513857, Lat, -0.16046768046519655, Lon, -1.328940001282712, Alt, 52833545.10270508, Bx, [0.09595451], [0.07716966], [-0.99238983], By, [-0.3205461], [0.93792938], [0.13243364], Bz, [0.3545308], [-0.68504107], [-0.63641704]
Time, 01/02/2024 15:07:37, X, -15181687.245264418, Y, 45257706.08895279, Z, -14662738.668159839, Lat, -0.29801433714323355, Lon, -1.2471421874227726, Alt, 43566355.68988218, Bx, [0.7207209], [-0.10099088], [-0.68582959], By, [-0.48393304], [0.76420229], [0.42638442], Bz, [0.93317756], [-0.30558078], [-0.18920898]
Time, 01/02/2024 15:07:38, X, -14697708.07123194, Y, 36119007.10618513, Z, -23071867.39403913, Lat, -0.534266887359391, Lon, -1.1843348629093216, Alt, 38938120.07457146, Bx, [0.64878818], [0.73108197], [-0.21117067], By, [-0.24490947], [-0.69413111], [0.67690572], Bz, [0.61047397], [0.32641951], [-0.72164523]
Time, 01/02/2024 15:07:39, X, -11413626.879114382, Y, 24005614.42437024, Z, -29364915.001679506, Lat, -0.8351212043986229, Lon, -1.1269755434876956, Alt, 33237567.702998765, Bx, [0.70468598], [-0.70684109], [0.06159006], By, [0.04963431], [0.90357416], [0.4255469], Bz, [0.83027776], [-0.52023327], [0.19999045]
Time, 01/02/2024 15:07:40, X, -4797722.724474468, Y, 12592529.540123574, Z, -35415438.71726246, Lat, -1.2072135433265103, Lon, -1.2067779386107613, Alt, 31521522.258303106, Bx, [0.74040234], [0.172932], [-0.64953745], By, [0.29629853], [0.15497889], [0.94243765], Bz, [0.9761126], [-0.00074358], [0.21726399]
Time, 01/02/2024 15:07:41, X, 3097406.578127741, Y, -1296440.5538497735, Z, -44160615.03690483, Lat, -1.4949067290410554, Lon, 2.745192096227724, Alt, 37917086.50255281, Bx, [0.4223298], [0.8298909], [0.36458008], By, [0.27306398], [-0.86731616], [0.41617152], Bz, [0.54776022], [-0.60924575], [-0.57339197]
Time, 01/02/2024 15:07:42, X, 8646392.076061841, Y, -17466318.41477822, Z, -48934802.61075899, Lat, -1.1917817791616057, Lon, 2.030461897880017, Alt, 46302022.330727816, Bx, [-0.89345614], [0.18634532], [-0.40867045], By, [0.78174224], [-0.5407887], [0.31052641], Bz, [-0.21513954], [-0.6378983], [0.73945976]
Time, 01/02/2024 15:07:43, X, 14735258.251190221, Y, -37024585.63607858, Z, -51992553.73938643, Lat, -0.9168577133975582, Lon, 1.9495650942543667, Alt, 59136048.64055144, Bx, [-0.96085504], [-0.2664662], [-0.07585092], By, [0.71728001], [0.58513752], [-0.37831662], Bz, [0.06566116], [-0.81808952], [0.57133015]
Time, 01/02/2024 15:07:44, X, 21926261.638690185, Y, -50859504.93735752, Z, -53642576.45068397, Lat, -0.7694219425885156, Lon, 1.9778344509523051, Alt, 70732671.76852776, Bx, [0.66728772], [0.183245], [-0.72190607], By, [0.62928827], [0.75320308], [-0.19152386], Bz, [0.13865282], [0.84017532], [0.52429079]
Time, 01/02/2024 15:07:45, X, 31119340.487034008, Y, -70502137.17477691, Z, -54316718.25197034, Lat, -0.6139534695755802, Lon, 1.9864719227752723, Alt, 87911928.36045635, Bx, [0.71760758], [0.01216231], [-0.69634147], By, [-0.22430778], [0.59156448], [-0.7744272], Bz, [0.46923178], [-0.82132507], [0.32441743]
Time, 01/02/2024 15:07:46, X, 36132127.93131328, Y, -91538397.11555636, Z, -53235631.04208165, Lat, -0.4958682574395139, Lon, 1.9467435768602492, Alt, 105516627.67964442, Bx, [-0.41007194], [0.89968452], [0.14969559], By, [-0.10948916], [-0.35952752], [-0.92668878], Bz, [-0.6685183], [-0.60063126], [0.43854916]
Time, 01/02/2024 15:07:47, X, 46775005.619343035, Y, -113483261.35487866, Z, -51427442.45984687, Lat, -0.3967586403834453, Lon, 1.9617544525627313, Alt, 126712182.9961627, Bx, [-0.48179071], [-0.55752396], [0.67605085], By, [0.75688223], [0.56328725], [-0.33141631], Bz, [0.88876839], [-0.3244709], [0.32374277]
Time, 01/02/2024 15:07:48, X, 56603248.1490916, Y, -138487522.19344577, Z, -46381657.82615525, Lat, -0.30062398819784386, Lon, 1.9588011552432856, Alt, 150262264.94397774, Bx, [0.27925167], [-0.73540273], [-0.61741504], By, [0.71624231], [0.47636317], [-0.50997557], Bz, [0.12418132], [-0.69749584], [0.7057468]
Time, 01/02/2024 15:07:49, X, 65049996.007231526, Y, -162998235.049395, Z, -37669403.53345011, Lat, -0.21143357254417783, Lon, 1.9505128436977373, Alt, 173125268.9649135, Bx, [-0.32227951], [-0.73019989], [-0.60244837], By, [-0.85485976], [-0.45058717], [-0.25726637], Bz, [-0.2820364], [-0.12303962], [0.95148133]
Time, 01/02/2024 15:07:50, X, 75318905.32459138, Y, -185164683.45057645, Z, -26401189.89947442, Lat, -0.13131381953230847, Lon, 1.9571227825303232, Alt, 195262133.00337088, Bx, [0.82193402], [-0.46623544], [-0.3271834], By, [0.4358113], [-0.68220409], [0.5870827], Bz, [0.20610139], [0.55888811], [0.80322244]
Time, 01/02/2024 15:07:51, X, 87065655.75505427, Y, -211612563.0305797, Z, -12841108.911619864, Lat, -0.05605910623109289, Lon, 1.9611248279022173, Alt, 222812767.58075333, Bx, [-0.49971728], [-0.30175396], [-0.81192807], By, [-0.88582859], [-0.37847129], [0.26845334], Bz, [0.29788424], [-0.64493381], [0.70379355]
Time, 01/02/2024 15:07:52, X, 93417757.75438106, Y, -236899484.0709556, Z, 703119.6522539053, Lat, 0.002761080228554924, Lon, 1.9464095626132183, Alt, 248283152.51706883, Bx, [0.92454126], [-0.13134868], [-0.35773033], By, [0.12504535], [0.98293167], [0.13494069], Bz, [-0.97378459], [0.05172074], [0.22151421]
Time, 01/02/2024 15:07:53, X, 104111680.8261387, Y, -265038550.67835888, Z, 9501810.370864855, Lat, 0.03335614520292296, Lon, 1.9450952727517268, Alt, 278541196.70356804, Bx, [0.69241445], [-0.19706727], [-0.69406536], By, [-0.4828338], [-0.8601729], [0.16423793], Bz, [0.42387581], [-0.46974407], [-0.7743835]
Time, 01/02/2024 15:07:54, X, 112806315.63604423, Y, -297892533.92182064, Z, 17047609.05078973, Lat, 0.05346760544991325, Lon, 1.932790477516661, Alt, 312620924.01703596, Bx, [0.85309423], [-0.42024165], [-0.30923647], By, [-0.05004445], [-0.76012771], [-0.64784367], Bz, [-0.31735838], [-0.85265817], [-0.41503939]
Time, 01/02/2024 15:07:55, X, 126288494.01294374, Y, -333218125.2353332, Z, 24747679.559878435, Lat, 0.06933695443239984, Lon, 1.9330661418568726, Alt, 350834193.619866, Bx, [-0.7611891], [-0.6272291], [0.16484785], By, [-0.5533518], [-0.26071585], [0.79109357], Bz, [0.77899342], [-0.61600775], [-0.11706287]
Time, 01/02/2024 15:07:56, X, 137178890.51192886, Y, -372010643.8365298, Z, 28391811.21769418, Lat, 0.07148458856454876, Lon, 1.9240762364489157, Alt, 391141342.03980935, Bx, [-0.47566073], [-0.31894122], [-0.81977031], By, [-0.91403489], [0.10520264], [0.39175583], Bz, [-0.16471934], [-0.71668595], [-0.67766421]
Time, 01/02/2024 15:07:58, X, 146501419.5002726, Y, -415848252.18184793, Z, 30390704.90540056, Lat, 0.06882000518502918, Lon, 1.9095145659608275, Alt, 435574731.626565, Bx, [0.21060072], [-0.68299836], [-0.69940016], By, [-0.98191422], [-0.15977039], [0.10157701], Bz, [-0.31488582], [-0.85062137], [-0.42105843]
Time, 01/02/2024 15:07:59, X, 158430474.41332987, Y, -456675459.58870506, Z, 39522336.06201225, Lat, 0.08158160096966283, Lon, 1.9047258597368364, Alt, 478618387.1634578, Bx, [-0.85759527], [-0.01979893], [-0.51394392], By, [-0.94482261], [0.32705965], [-0.01849904], Bz, [0.35525524], [0.19237486], [0.91475987]
Time, 01/02/2024 15:08:00, X, 172545844.22096637, Y, -497973160.41603184, Z, 52823871.87664471, Lat, 0.09989773765348353, Lon, 1.9043463824028557, Alt, 523288983.6618745, Bx, [0.03516058], [0.77789704], [-0.62740731], By, [0.62717711], [0.04232685], [-0.77772573], Bz, [0.3987771], [-0.01137443], [0.91697734]
Time, 01/02/2024 15:08:01, X, 190276968.19679576, Y, -544630501.2990646, Z, 65911570.270345025, Lat, 0.11375563986509363, Lon, 1.906908823224469, Alt, 574294172.5968568, Bx, [-0.9889735], [-0.13928122], [-0.05032053], By, [-0.48694009], [0.48232959], [0.72818097], Bz, [0.58978962], [-0.75840833], [0.27742567]
Time, 01/02/2024 15:08:02, X, 212456959.79892406, Y, -587762690.7093515, Z, 79414114.86994435, Lat, 0.12638885900309438, Lon, 1.9176502051547561, Alt, 623636572.9683534, Bx, [-0.22572721], [0.18232506], [-0.95697691], By, [-0.86927849], [-0.49097939], [-0.05739462], Bz, [0.92201837], [0.35254883], [0.15997328]
Time, 01/02/2024 15:08:03, X, 233336719.43117067, Y, -625624658.8203796, Z, 94753577.13552299, Lat, 0.14096461224538093, Lon, 1.9277825628936613, Alt, 668040208.9363542, Bx, [0.56708961], [-0.72919641], [-0.38299082], By, [0.39582051], [0.90778449], [-0.1387568], Bz, [0.08990965], [0.95456481], [0.28411665]
Time, 01/02/2024 15:08:04, X, 253600242.82113668, Y, -659335105.9365731, Z, 107028738.13492101, Lat, 0.1503640824380592, Lon, 1.937983131682692, Alt, 708115540.0174345, Bx, [-0.06284576], [-0.9214723], [-0.3833265], By, [0.51150272], [0.82427228], [-0.24277598], Bz, [-0.15845204], [0.92874035], [-0.33516312]
Time, 01/02/2024 15:08:05, X, 269144134.5826047, Y, -699569576.6226912, Z, 121435442.17238218, Lat, 0.16061403526796747, Lon, 1.9380684225056215, Alt, 752959444.7550305, Bx, [-0.71624799], [-0.6938308], [0.0747505], By, [-0.02647471], [0.14178341], [-0.98954361], Bz, [-0.76776153], [-0.61099532], [0.19294288]
Time, 01/02/2024 15:08:06, X, 283658013.8393095, Y, -739953529.1067802, Z, 141793469.02769548, Lat, 0.1770545814120703, Lon, 1.9368636369544272, Alt, 798674639.6451995, Bx, [-0.56148773], [-0.06020656], [-0.82529189], By, [-0.33286798], [0.84250229], [-0.42354315], Bz, [-0.41544041], [-0.18518048], [0.89057142]
Time, 01/02/2024 15:08:07, X, 301729466.58153474, Y, -784631233.9036431, Z, 157393944.9039172, Lat, 0.18508672389305136, Lon, 1.9379126738604815, Alt, 848883171.6432304, Bx, [0.2435134], [0.9683123], [-0.05543029], By, [-0.25150607], [0.95964526], [0.12580015], Bz, [0.3476184], [-0.8389718], [-0.41867383]
Time, 01/02/2024 15:08:08, X, 317447406.6591408, Y, -834181837.7558283, Z, 177369057.6767377, Lat, 0.1961677251026801, Lon, 1.9344233352618607, Alt, 903624591.7791244, Bx, [-0.35151491], [0.83137251], [0.43041493], By, [0.15500919], [0.53642894], [-0.82958793], Bz, [-0.20307033], [-0.8787945], [0.4318364]
Time, 01/02/2024 15:08:09, X, 327841055.2749989, Y, -879547000.9324629, Z, 197532089.5200503, Lat, 0.20741405110939581, Lon, 1.9275828649246334, Alt, 952848271.4719988, Bx, [0.82145046], [0.48657521], [-0.2974285], By, [0.39688644], [0.72848898], [-0.55837708], Bz, [-0.93134358], [0.31896948], [0.17566332]
Time, 01/02/2024 15:08:10, X, 332876569.1259119, Y, -924692853.5580264, Z, 216877725.86553454, Lat, 0.217195940110408, Lon, 1.9163395973668953, Alt, 1000058148.857946, Bx, [0.7427375], [-0.51142961], [-0.43218139], By, [0.79545107], [0.55979173], [0.23214395], Bz, [-0.9772247], [0.20560478], [-0.05252193]
Time, 01/02/2024 15:08:11, X, 333038140.3665667, Y, -968610310.815717, Z, 236938113.47985357, Lat, 0.22732630186515856, Lon, 1.9019647390080316, Alt, 1044942467.4190818, Bx, [0.95579178], [0.22925371], [0.18413259], By, [0.90147723], [0.33602777], [-0.27280787], Bz, [-0.96823325], [0.2477011], [0.03418378]
Time, 01/02/2024 15:08:12, X, 330795616.2022477, Y, -1008073936.1961784, Z, 257827252.7140268, Lat, 0.23839181699111966, Lon, 1.8878712055432938, Alt, 1085468591.1390758, Bx, [0.77380469], [-0.4056234], [-0.48651408], By, [0.93299799], [0.20522511], [-0.29563052], Bz, [-0.63923426], [0.75762907], [0.1318247]
Time, 01/02/2024 15:08:13, X, 332657181.53844774, Y, -1048690011.2225702, Z, 271045420.32516086, Lat, 0.24155271900869146, Lon, 1.8779683096987396, Alt, 1126712033.1208482, Bx, [0.76810061], [0.09040509], [0.63391511], By, [0.96619488], [-0.25639327], [0.02701768], Bz, [0.26423167], [0.13733151], [-0.9546317]
Time, 01/02/2024 15:08:14, X, 336410733.046776, Y, -1082444857.6071787, Z, 289273449.466843, Lat, 0.24986684947096482, Lon, 1.8721206316334376, Alt, 1163474365.6940053, Bx, [-0.97570452], [0.17056707], [0.13750477], By, [-0.00961053], [0.71070083], [0.70342872], Bz, [0.41689505], [0.88145492], [0.22189129]
Time, 01/02/2024 15:08:15, X, 346376005.62632906, Y, -1120153556.1136346, Z, 307715706.0912638, Lat, 0.25665924038199206, Lon, 1.8706919559106021, Alt, 1205820932.9557168, Bx, [-0.56757725], [-0.22551277], [-0.79183335], By, [-0.13080538], [0.21811376], [0.96711754], Bz, [0.97451991], [-0.14155427], [0.17399232]
Time, 01/02/2024 15:08:16, X, 348429994.2224104, Y, -1162026261.6449432, Z, 325824066.0628637, Lat, 0.26238703391473006, Lon, 1.8621126739701206, Alt, 1249761881.3672893, Bx, [0.6294403], [0.75671255], [-0.17660983], By, [-0.94625538], [-0.01086243], [0.32323793], Bz, [-0.78484101], [-0.61939197], [-0.01944673]
Time, 01/02/2024 15:08:17, X, 357054340.60934114, Y, -1198259528.4172845, Z, 349952799.5640977, Lat, 0.2729061134004902, Lon, 1.8603965562326084, Alt, 1292005163.333852, Bx, [0.24720258], [0.70903345], [0.66042596], By, [0.56146309], [0.24734732], [0.78966987], Bz, [0.53607237], [0.52696127], [0.65949847]
Time, 01/02/2024 15:08:18, X, 371882351.7221461, Y, -1236988947.7417126, Z, 371276852.7987737, Lat, 0.2798917217976282, Lon, 1.8628357212374316, Alt, 1337609893.3841677, Bx, [-0.63140577], [-0.77460499], [-0.03624729], By, [-0.14565852], [-0.90579878], [-0.39788461], Bz, [0.99260979], [-0.00823616], [-0.12107011]
Time, 01/02/2024 15:08:19, X, 380437411.4729818, Y, -1281184073.910374, Z, 388034532.56036466, Lat, 0.28257267351007265, Lon, 1.8594452968249762, Alt, 1385295646.0575917, Bx, [-0.30043167], [-0.21190481], [0.92996622], By, [-0.07033067], [0.81276214], [0.57833494], Bz, [-0.42637241], [-0.64598238], [-0.63317717]
Time, 01/02/2024 15:08:20, X, 397112826.93352795, Y, -1324114565.4168265, Z, 413304601.2273362, Lat, 0.29052091729284313, Lon, 1.862168906601127, Alt, 1436472953.121687, Bx, [0.85104768], [-0.50646018], [0.13862151], By, [0.99160719], [-0.02211265], [-0.12738216], Bz, [0.69940174], [0.00606496], [0.71470304]
Time, 01/02/2024 15:08:21, X, 416370912.70149213, Y, -1363233492.3624616, Z, 444321686.9337004, Lat, 0.30217118850428815, Lon, 1.867226296024977, Alt, 1486676907.175867, Bx, [-0.35737464], [-0.60558387], [0.71102148], By, [-0.02062835], [0.96103932], [0.27564089], Bz, [0.51832579], [0.41451673], [0.74800685]
Time, 01/02/2024 15:08:22, X, 427931087.95318055, Y, -1404132719.3232446, Z, 466834826.66917086, Lat, 0.3079151605451622, Lon, 1.866619305313573, Alt, 1533969373.0676272, Bx, [0.36830839], [-0.87197994], [-0.32249018], By, [0.14506143], [0.97969494], [0.13840157], Bz, [-0.71466151], [-0.05033238], [-0.69765721]
Time, 01/02/2024 15:08:23, X, 436787947.85330683, Y, -1448065207.596537, Z, 497616537.3997873, Lat, 0.3178465886872195, Lon, 1.863752951182713, Alt, 1585891156.5355558, Bx, [0.65321865], [-0.60591164], [-0.4540666], By, [0.65692627], [-0.54125364], [0.52487367], Bz, [-0.66169304], [-0.27622302], [0.69703885]
Time, 01/02/2024 15:08:24, X, 448396618.04808897, Y, -1496528067.047754, Z, 520057167.4555811, Lat, 0.3213494798842538, Lon, 1.8619086786994046, Alt, 1640175458.4883637, Bx, [-0.68440175], [-0.56172644], [-0.46482002], By, [-0.83498295], [-0.35775883], [-0.41810537], Bz, [0.11188869], [-0.62302635], [-0.77415702]
Time, 01/02/2024 15:08:25, X, 459786967.12372327, Y, -1536116649.645225, Z, 540562504.1159245, Lat, 0.32515845720631154, Lon, 1.861627079089013, Alt, 1685747860.2784917, Bx, [-0.40756306], [0.01448852], [0.91306212], By, [-0.04016771], [0.76813943], [0.63902142], Bz, [0.03049396], [0.82404973], [-0.56569618]
Time, 01/02/2024 15:08:26, X, 463017800.5712038, Y, -1576755946.2977993, Z, 567168173.2738001, Lat, 0.33233216706610613, Lon, 1.8564192950683667, Alt, 1732083639.7896047, Bx, [-0.4909361], [-0.86969115], [0.0511766], By, [-0.37966017], [0.6204498], [-0.68622169], Bz, [-0.80529028], [0.25227056], [0.5365325]
Time, 01/02/2024 15:08:27, X, 461624097.51175725, Y, -1614195959.4101524, Z, 592053359.5647879, Lat, 0.3390268625044952, Lon, 1.8493395312693788, Alt, 1773868473.5966167, Bx, [0.294792], [-0.67725908], [0.6741052], By, [0.22304628], [-0.22958255], [-0.94738704], Bz, [-0.86072495], [0.49686697], [-0.11079612]
Time, 01/02/2024 15:08:28, X, 461495552.0388137, Y, -1646693478.729087, Z, 610549437.1967598, Lat, 0.34291258397308644, Lon, 1.8440423039871965, Alt, 1809489174.3255982, Bx, [0.19151759], [-0.76670828], [-0.61276376], By, [-0.28114637], [-0.9566452], [-0.07607019], Bz, [-0.13362604], [0.72952406], [-0.67077472]
Time, 01/02/2024 15:08:29, X, 455345676.96034944, Y, -1688075837.653931, Z, 630622705.019798, Lat, 0.34616044959530456, Lon, 1.8342680758925478, Alt, 1852291076.67881, Bx, [0.80050664], [-0.5969277], [-0.05353912], By, [-0.70092357], [-0.48277026], [0.52501336], Bz, [-0.78155082], [-0.61881068], [-0.07906745]
Time, 01/02/2024 15:08:30, X, 456304836.023527, Y, -1719900156.924501, Z, 646425004.7339419, Lat, 0.348458174318961, Lon, 1.8301306754829487, Alt, 1886810433.4375503, Bx, [0.72188669], [-0.57098683], [-0.39096502], By, [0.70738621], [0.21280508], [-0.67403171], Bz, [0.38124733], [0.83514355], [-0.39646656]
Time, 01/02/2024 15:08:31, X, 464302588.955599, Y, -1750314816.5228107, Z, 661738765.1494573, Lat, 0.3503541220804791, Lon, 1.8300924970386987, Alt, 1921601262.339809, Bx, [-0.79686418], [0.53459791], [0.28144723], By, [-0.08261737], [-0.7070129], [0.70235826], Bz, [0.90576889], [0.36085047], [-0.22219285]
Time, 01/02/2024 15:08:32, X, 474122348.69791853, Y, -1777273262.416194, Z, 671580512.5613829, Lat, 0.350065810876097, Lon, 1.8314947481096828, Alt, 1951820164.2346213, Bx, [0.24926586], [-0.93338893], [-0.25816979], By, [-0.44561817], [0.34630352], [-0.82552911], Bz, [0.50711177], [0.51705387], [-0.68955997]
Time, 01/02/2024 15:08:33, X, 474538612.1801879, Y, -1810755480.417896, Z, 682097516.5281284, Lat, 0.34943393507804377, Lon, 1.8270991942403176, Alt, 1985934028.444988, Bx, [0.16615755], [0.93101313], [0.32497109], By, [-0.32176214], [-0.23474787], [-0.91725818], Bz, [-0.8417737], [-0.51176839], [-0.17178522]
Time, 01/02/2024 15:08:34, X, 470155033.18332845, Y, -1849256300.3543303, Z, 692450927.0629418, Lat, 0.3481233958863461, Lon, 1.8197616363801803, Alt, 2023477000.7178195, Bx, [-0.11451931], [-0.58555462], [-0.80250303], By, [-0.93428959], [-0.35044146], [-0.06552673], Bz, [-0.76129948], [-0.64303654], [-0.08322919]
Time, 01/02/2024 15:08:35, X, 460143068.62881184, Y, -1890971320.5545425, Z, 703761787.8463849, Lat, 0.3469865308485489, Lon, 1.8094940570680274, Alt, 2063118026.9821846, Bx, [-0.74701879], [0.32470301], [0.58011281], By, [-0.92210279], [0.38671119], [0.01345006], Bz, [-0.88728734], [-0.45531431], [0.07355306]
Time, 01/02/2024 15:08:36, X, 457528403.1671037, Y, -1938851421.5066676, Z, 710855949.2747517, Lat, 0.3427524995721758, Lon, 1.802535938607328, Alt, 2108763334.977893, Bx, [-0.55179491], [0.79165945], [0.26229314], By, [0.70826224], [-0.55619994], [0.43474846], Bz, [0.47995792], [-0.77327861], [-0.41434357]
Time, 01/02/2024 15:08:37, X, 443765277.58240414, Y, -1983352128.4780796, Z, 722614995.5325042, Lat, 0.34160984477153145, Lon, 1.7909159962173058, Alt, 2150660691.6760306, Bx, [-0.44613968], [0.8724441], [0.19950108], By, [-0.84182655], [0.01507031], [-0.53953771], Bz, [-0.96141818], [0.06986425], [0.26607154]
Time, 01/02/2024 15:08:38, X, 422681433.7549122, Y, -2030033481.8529997, Z, 729842003.3157072, Lat, 0.33843189105685756, Lon, 1.7760773638773346, Alt, 2191893060.9556456, Bx, [-0.70922572], [0.23244544], [0.66555841], By, [-0.6014991], [0.71014196], [0.36591971], Bz, [-0.94498479], [-0.12456699], [-0.30246786]
Time, 01/02/2024 15:08:39, X, 399046518.6889965, Y, -2071700255.2638898, Z, 746436079.0870687, Lat, 0.34005408252215985, Lon, 1.761083726364685, Alt, 2231562620.97743, Bx, [-0.82320693], [-0.33771467], [0.45637611], By, [0.31672894], [-0.13026208], [0.93952891], Bz, [-0.51208616], [0.45993828], [0.72541335]
Time, 01/02/2024 15:08:40, X, 387153751.1242289, Y, -2119116797.6928132, Z, 760048144.4731252, Lat, 0.3391873552797833, Lon, 1.7514992352809362, Alt, 2277970745.709351, Bx, [0.39813529], [-0.84152616], [0.36513286], By, [0.92096331], [-0.25858778], [-0.29147717], Bz, [0.93634119], [-0.34625897], [-0.05805081]
Time, 01/02/2024 15:08:41, X, 382344182.8328567, Y, -2170381822.7198706, Z, 771290404.8765241, Lat, 0.33665849580897, Lon, 1.7451716458451345, Alt, 2328502276.902527, Bx, [0.38790358], [-0.92153608], [-0.01737976], By, [0.91206293], [-0.08842991], [-0.40040151], Bz, [0.89471643], [-0.392793], [-0.2125939]
Time, 01/02/2024 15:08:42, X, 376269946.6453648, Y, -2229175962.7046146, Z, 788798259.6509991, Lat, 0.33570909421841, Lon, 1.738013435804859, Alt, 2387998904.562993, Bx, [0.36539732], [-0.59349551], [0.71711079], By, [-0.16456687], [-0.95005909], [0.2651518], Bz, [0.20005993], [-0.8496581], [0.48791099]
Time, 01/02/2024 15:08:43, X, 373445868.545585, Y, -2292105497.0437055, Z, 812370547.0307354, Lat, 0.3365043289782452, Lon, 1.7323042161981266, Alt, 2453945104.079871, Bx, [-0.85383447], [-0.35572327], [-0.38003638], By, [-0.71394743], [-0.0747579], [-0.69619705], Bz, [0.41250029], [-0.57356473], [0.70771959]
Time, 01/02/2024 15:08:44, X, 358624220.259129, Y, -2349515759.4341254, Z, 832905777.733196, Lat, 0.33706871257444404, Lon, 1.7222647366823727, Alt, 2512074486.7570834, Bx, [-0.44434646], [-0.19613782], [0.87412023], By, [-0.46565725], [-0.88317299], [-0.05629208], Bz, [-0.94304316], [0.30284364], [-0.13767836]
Time, 01/02/2024 15:08:45, X, 352191631.27793837, Y, -2400520169.6172404, Z, 845945070.1669811, Lat, 0.33548781161854313, Lon, 1.7164717430531027, Alt, 2563095694.0089374, Bx, [-0.01183941], [0.66742092], [-0.74458656], By, [0.0630227], [0.82019966], [0.56859534], Bz, [0.40300169], [0.66585054], [-0.62787952]
Time, 01/02/2024 15:08:46, X, 342474601.25818014, Y, -2449362051.010841, Z, 872641185.0399339, Lat, 0.3392030793867591, Lon, 1.7097176459266472, Alt, 2616254773.393315, Bx, [0.83103746], [0.32733747], [-0.44969647], By, [0.42420957], [-0.19866257], [0.88350406], Bz, [-0.11333129], [0.42166197], [0.89964282]
Time, 01/02/2024 15:08:47, X, 326939349.46522105, Y, -2500935799.217688, Z, 903151897.4125404, Lat, 0.34385380579466607, Lon, 1.7007859915968941, Alt, 2672668484.5610676, Bx, [0.11980558], [0.98106811], [-0.15215775], By, [0.03219541], [-0.02051245], [0.99927108], Bz, [-0.52566991], [0.06006692], [0.84856532]
Time, 01/02/2024 15:08:48, X, 309762102.92909104, Y, -2552037819.6828957, Z, 920113552.5944376, Lat, 0.34370754190407315, Lon, 1.6915837997800915, Alt, 2724097557.4404325, Bx, [-0.87451324], [-0.30338534], [0.37839653], By, [-0.44697558], [0.53607563], [-0.71612552], Bz, [-0.26160811], [0.02150922], [-0.96493448]
Time, 01/02/2024 15:08:49, X, 282608356.2909378, Y, -2611100954.9187593, Z, 937415240.4680282, Lat, 0.3428324620040981, Lon, 1.6786100488480544, Alt, 2782260028.4590993, Bx, [0.56762976], [0.60227598], [-0.56130214], By, [0.76102652], [-0.49322356], [0.42138955], Bz, [-0.775261], [-0.59034554], [-0.22463867]
Time, 01/02/2024 15:08:50, X, 264909355.6197722, Y, -2678546762.1723905, Z, 948751550.4287416, Lat, 0.33888616368262214, Lon, 1.6693761517861694, Alt, 2847559487.639813, Bx, [-0.00074337], [0.98814412], [-0.15352733], By, [-0.70022927], [-0.25395506], [0.66722245], Bz, [0.4014873], [-0.75406431], [-0.51980282]
Time, 01/02/2024 15:08:51, X, 259061682.12815174, Y, -2740284578.0262346, Z, 962479896.730191, Lat, 0.3363847480658029, Lon, 1.6650544233986293, Alt, 2909557681.45386, Bx, [-0.15638807], [-0.92126961], [0.356097], By, [-0.99418704], [-0.06484136], [0.08595192], Bz, [0.98503113], [0.17210608], [0.00965233]
Time, 01/02/2024 15:08:52, X, 257603079.09640893, Y, -2808624433.7282662, Z, 970423322.93147, Lat, 0.3313834230306587, Lon, 1.662259021268198, Alt, 2976321069.554739, Bx, [-0.49372697], [-0.02153638], [-0.86935025], By, [-0.87054842], [0.4019507], [0.28386808], Bz, [0.78347702], [-0.44767942], [-0.43098364]
Time, 01/02/2024 15:08:53, X, 260302944.9874014, Y, -2869677715.5435457, Z, 985856131.5816373, Lat, 0.3296535284306792, Lon, 1.6612568433706238, Alt, 3039071517.3418474, Bx, [0.28601836], [-0.53756027], [0.79323543], By, [-0.28165201], [0.93290859], [-0.22439634], Bz, [0.67114594], [0.56113563], [0.48444807]
Time, 01/02/2024 15:08:54, X, 254133024.05161214, Y, -2941299869.1932826, Z, 1010056857.7806998, Lat, 0.3296467821084159, Lon, 1.6569838850547245, Alt, 3113892349.52354, Bx, [-0.67408995], [-0.31607691], [0.66760627], By, [0.43022958], [0.8653471], [-0.25705428], Bz, [-0.40827733], [-0.52350905], [0.74782879]
Time, 01/02/2024 15:08:55, X, 244167423.0372799, Y, -2997292282.4461646, Z, 1027602305.9842027, Lat, 0.3292719388879437, Lon, 1.6520795079602235, Alt, 3171575704.422221, Bx, [-0.49704116], [-0.42972039], [0.75385043], By, [-0.17260496], [-0.91640122], [0.36113201], Bz, [-0.40705615], [0.88248397], [-0.2356424]
Time, 01/02/2024 15:08:56, X, 240741916.51727912, Y, -3058676206.451738, Z, 1033143134.8501087, Lat, 0.32480729986285795, Lon, 1.64934227723412, Alt, 3231041785.446168, Bx, [-0.95732333], [0.09661246], [0.27239325], By, [0.02259929], [0.44585021], [0.89482225], Bz, [0.36114359], [-0.0202074], [-0.93229125]
Time, 01/02/2024 15:09:01, X, 239556009.30887738, Y, -3130340624.0306406, Z, 1052210419.6723204, Lat, 0.3233872881175053, Lon, 1.6471745964192666, Alt, 3304756643.465219, Bx, [0.71759305], [-0.56054109], [0.41334478], By, [0.56535275], [0.53749555], [-0.62567947], Bz, [0.31139023], [-0.67311393], [0.67078593]
Time, 01/02/2024 15:09:01, X, 236197528.21648794, Y, -3210974026.9875154, Z, 1073938750.9337547, Lat, 0.3219524258893365, Lon, 1.6442235432209613, Alt, 3387666111.624025, Bx, [0.33239031], [0.92816266], [-0.16742392], By, [-0.37456158], [0.44486256], [-0.81351148], Bz, [-0.05234617], [-0.89779663], [0.43728833]
Time, 01/02/2024 15:09:01, X, 238479738.16119397, Y, -3288229031.4742045, Z, 1103528140.7035367, Lat, 0.3229983863497321, Lon, 1.6431948497369528, Alt, 3470279270.9170823, Bx, [-0.46099927], [0.61213106], [-0.64247586], By, [-0.81979773], [-0.32455493], [0.47180058], Bz, [0.46287938], [-0.10901827], [0.87969182]
Time, 01/02/2024 15:09:01, X, 228566231.88723072, Y, -3365119645.674782, Z, 1120481944.0124075, Lat, 0.3207338151827155, Lon, 1.6386143347388433, Alt, 3547746687.8268003, Bx, [-0.28073926], [0.86534999], [-0.41515643], By, [0.0586167], [0.30602591], [-0.95021694], Bz, [-0.69031907], [-0.0292023], [-0.72291549]
Time, 01/02/2024 15:09:01, X, 230218206.94341403, Y, -3440050651.1690264, Z, 1127508149.1207826, Lat, 0.3160647568613604, Lon, 1.6376195977134382, Alt, 3621055571.517397, Bx, [0.88702101], [0.35968223], [-0.28952103], By, [0.38788168], [-0.91337621], [0.12365961], Bz, [0.51325311], [0.0420437], [-0.85720684]
Time, 01/02/2024 15:09:02, X, 214668876.1674045, Y, -3520297230.9843955, Z, 1135185953.9879546, Lat, 0.31139911986529567, Lon, 1.6317012348089692, Alt, 3698655649.1623135, Bx, [0.97495331], [-0.06059162], [0.21399694], By, [0.03515727], [-0.50162785], [0.86436883], Bz, [-0.92266842], [-0.35905939], [-0.14056796]
Time, 01/02/2024 15:09:03, X, 193920954.13567257, Y, -3607642852.9823747, Z, 1144163950.0531032, Lat, 0.3067000842296175, Lon, 1.624497459551052, Alt, 3783326011.072101, Bx, [0.95945476], [-0.23701289], [0.15254986], By, [-0.28231348], [0.08299507], [0.95572534], Bz, [-0.82664216], [-0.56219151], [-0.02456501]
Time, 01/02/2024 15:09:04, X, 180260960.1651569, Y, -3701826456.5342712, Z, 1162875567.733412, Lat, 0.3040358563347789, Lon, 1.619453033255565, Alt, 3877994162.299761, Bx, [-0.06561871], [0.99050772], [0.12078344], By, [-0.88034493], [0.17511373], [0.44082648], Bz, [0.12644696], [-0.63933441], [0.75846073]
Time, 01/02/2024 15:09:05, X, 173346810.44427678, Y, -3780977091.26446, Z, 1178490083.2561126, Lat, 0.30184798954660597, Lon, 1.6166113379471732, Alt, 3957803032.2153945, Bx, [-0.8772872], [-0.37644588], [-0.29775103], By, [0.19273656], [-0.78819002], [0.58447336], Bz, [0.63959751], [0.7616059], [0.1042664]
Time, 01/02/2024 15:09:06, X, 167965589.31745324, Y, -3874242321.421068, Z, 1204922846.7325745, Lat, 0.3012594625038736, Lon, 1.6141236299103203, Alt, 4054393099.3860993, Bx, [-0.81949188], [-0.30841213], [-0.48302694], By, [0.81204046], [0.21766689], [0.54148999], Bz, [0.3329517], [-0.59707858], [0.72982213]
Time, 01/02/2024 15:09:07, X, 171263955.01376525, Y, -3966661906.475197, Z, 1220692350.3373976, Lat, 0.2982789371817254, Lon, 1.613945366763532, Alt, 4147401723.289111, Bx, [-0.27844186], [-0.55483357], [0.78398332], By, [-0.75457933], [0.07679593], [0.65169964], Bz, [0.79682641], [-0.11705525], [-0.59276112]
Time, 01/02/2024 15:09:08, X, 163870084.5862376, Y, -4072813945.238724, Z, 1236620256.421993, Lat, 0.2945571168417449, Lon, 1.6110097381655168, Alt, 4253194294.2227, Bx, [0.48419992], [-0.86535405], [-0.12927799], By, [0.58150715], [-0.28765062], [0.76099051], Bz, [-0.50795282], [-0.85471211], [-0.10700999]
Time, 01/02/2024 15:09:09, X, 153478333.91769993, Y, -4165498144.255165, Z, 1243593625.8388283, Lat, 0.2899366113369437, Lon, 1.60762480034346, Alt, 4343508940.297472, Bx, [-0.97084112], [-0.22424138], [0.08475445], By, [-0.74651174], [0.44983254], [-0.49027636], Bz, [-0.332138], [0.6552883], [-0.67844056]
Time, 01/02/2024 15:09:10, X, 149549425.14411792, Y, -4250165596.6032934, Z, 1247255662.695171, Lat, 0.28527937902144496, Lon, 1.605968544962183, Alt, 4425549499.877715, Bx, [-0.27372529], [-0.68321952], [0.67696792], By, [-0.72146174], [-0.43633004], [0.53768862], Bz, [0.3042549], [0.83779939], [-0.45334439]
Time, 01/02/2024 15:09:11, X, 144311910.05011675, Y, -4353586575.201025, Z, 1254206275.9579613, Lat, 0.2803447453748982, Lon, 1.6039320154483794, Alt, 4526572345.973479, Bx, [-0.97469556], [0.15429603], [-0.16174453], By, [0.16101145], [-0.64930299], [-0.74329062], Bz, [-0.01372568], [-0.99741107], [0.07058866]
Time, 01/02/2024 15:09:12, X, 134924031.26671657, Y, -4463417914.944572, Z, 1266876672.3259225, Lat, 0.2764419171904702, Lon, 1.6010159833939104, Alt, 4635318399.404598, Bx, [-0.47057771], [-0.24206005], [-0.84850666], By, [0.35558304], [-0.88830518], [-0.29064516], Bz, [-0.22108226], [-0.92266618], [0.31592681]
Time, 01/02/2024 15:09:13, X, 125306374.74207982, Y, -4571500694.22098, Z, 1291829504.1187723, Lat, 0.27530428247277206, Lon, 1.598199802208688, Alt, 4745801529.751593, Bx, [-0.35851697], [-0.66913888], [-0.65093682], By, [0.62007604], [-0.26295065], [0.73916348], Bz, [-0.07805847], [-0.08774276], [0.9930801]
Time, 01/02/2024 15:09:14, X, 123737318.34313221, Y, -4676549978.383994, Z, 1296796416.5846572, Lat, 0.27041098989539836, Lon, 1.5972492580212636, Alt, 4848225952.409221, Bx, [0.14217628], [-0.80340318], [-0.5782121], By, [0.39454612], [-0.80647697], [0.44037285], Bz, [0.46999018], [0.26546781], [-0.84180525]
